ax_rms,ax_peak,ax_kurtosis,ax_skewness,ax_crest,ay_rms,ay_peak,ay_kurtosis,ay_skewness,ay_crest,az_rms,az_peak,az_kurtosis,az_skewness,az_crest,band_0_50,band_50_100,band_100_200,band_200_500,band_500_1000,modal_f1,modal_f2,modal_f3,wind_mean,rpm,temp_c,ti_proxy,rms_ratio_ax_ay,ax_pk2rms,ax_kurt_rms,spectral_ratio_lh,state,crack_mm,wind_bin,rul_h
0.14294680729863543,0.5015295624911936,2.743203675321907,-0.12678268480401889,3.5085048205618876,0.08020381263101556,0.3223310794968327,2.782071912005859,0.3512671955072059,4.018899712158874,0.04458692846964413,0.1754265460210482,2.794205096032634,0.3366950180781532,3.934483761097894,0.6192534584336602,0.18550150770615934,0.0345404569909901,0.06052042228507606,0.10018051597253748,25.390625,50.29296875,72.265625,3.44,303.1,5.2,0.3119127269243302,1.7822944148088613,3.5085048205618876,0.39213220715714914,5.007780134113141,C0,0.0,low,1000.0
0.14820344748854752,0.5576289994955521,2.7373287782080866,-0.011082921445237263,3.762591282086357,0.08428659684741459,0.3010296362545621,2.5897675562097477,0.1023003155723408,3.5715006598204573,0.04226066084773211,0.1638299260267903,2.821461526196004,0.350759241843393,3.8766531980434498,0.5874700946649143,0.18099849547916166,0.037852486487925385,0.07284263493042242,0.12083328096029117,26.3671875,52.734375,69.3359375,3.6,316.9,20.7,0.28515302149768024,1.7583275755793375,3.762591282086357,0.4056815618400521,3.967806666151011,C0,0.0,low,1000.0
0.1472174005612475,0.5254706073857922,2.788446038914813,0.2699023209278475,3.569351213800154,0.08310385096038177,0.3281765582924565,2.8070017708329034,-0.36311118805998255,3.948993392001878,0.044628616370967135,0.1637114911005254,2.775006251768178,0.3334144846748391,3.668307566152261,0.5902580391267592,0.18166246853684237,0.036120218746070534,0.07229769419950809,0.11965064041069196,27.34375,54.6875,70.3125,3.73,329.1,19.3,0.30314769993782154,1.7714871075160004,3.569351213800154,0.41050777745434597,4.021501458875289,C0,0.0,low,1000.0
0.1445041970798886,0.5702597780517522,2.572189721060622,-0.09336371091854082,3.946319827212259,0.08370699221813943,0.3299922855547484,2.775619194140588,-0.22417767593162835,3.9422308317421373,0.04122433541060028,0.1626582696414553,2.755331854292061,0.2346344406289952,3.9456856737981503,0.6902013043681375,0.09029936664065012,0.035704445579599564,0.06937900088051642,0.11441483700827369,23.92578125,28.80859375,47.36328125,3.24,285.5,11.8,0.28528123226628194,1.7263097532319924,3.946319827212259,0.37169221037900785,4.246609570670441,C0,0.0,low,1000.0
0.14805248582297098,0.5506100708559002,2.652871479594014,0.2177120834621061,3.7190194260856555,0.08207674471643846,0.297032807891367,2.7537662495554964,0.2201183677712012,3.618964286626694,0.04453526457594901,0.162655975429687,2.6783054405819233,0.015595420683825412,3.652296151789976,0.7139748478076068,0.08988505754668653,0.03427157433910304,0.0607585326161991,0.10110985754056773,21.97265625,26.85546875,44.43359375,3.02,266.5,15.2,0.3008072733692606,1.803829895233635,3.7190194260856555,0.39276421712275683,4.966132699384781,C0,0.0,low,1000.0
0.14614649623534,0.5647838373732165,2.8171624759320806,0.3006997613980328,3.8645048079958335,0.08307032577550275,0.3256699128808575,2.721918585485793,-0.16111638518970994,3.920412130812864,0.04568987691754465,0.1709776988040386,2.6741075467626674,0.013489583329685835,3.742135246120222,0.5747258504193931,0.17718756637814342,0.038554218278843144,0.07732536388545613,0.13220373615056982,32.71484375,65.91796875,72.75390625,4.47,394.4,16.3,0.31263066918806004,1.7593104983156125,3.8645048079958335,0.41171842518314894,3.588587058638892,C0,0.0,low,1000.0
0.13914247415874892,0.5690533247195991,2.803511215678647,0.3493110931255314,4.08971687588623,0.07747225655706545,0.2871561633853519,2.6343453822816723,0.08929069978799747,3.7065676946409187,0.04218987477531022,0.1505916602842391,2.668234208835129,-0.21696210707453809,3.5693791718094,0.6139898484236769,0.18185081174219206,0.034611721538254564,0.06374036413376556,0.105804193978145,31.73828125,63.4765625,72.75390625,4.33,382.1,18.5,0.30321348697002043,1.796029705889071,4.08971687588623,0.3900874868813289,4.693991178652646,C0,0.0,low,1000.0
0.13669361744822595,0.5290429214531475,2.791150240916123,-0.2777751557170024,3.870282543759058,0.09317146238303252,0.3243816962995887,2.6008740186585824,-0.14167624272635626,3.481556347865824,0.046935570737418164,0.159737664913716,2.652062374502671,-0.061500414673310716,3.4033391392505066,0.5672151030015997,0.17425886488930206,0.03989613593903442,0.08232613791706957,0.13629889020697786,28.3203125,56.640625,70.80078125,3.87,341.1,20.3,0.34336329386553455,1.4671189434193024,3.870282543759058,0.38153242327231224,3.3915328645272527,C0,0.0,low,1000.0
0.13867671179865843,0.5634475235988473,2.739574333875683,0.12114107928205907,4.063029158182695,0.09150068967158825,0.3447830135657954,2.7994724151983843,-0.292861898984766,3.7680919652439893,0.04180476790260526,0.1545490939408909,2.681385649759293,-0.19370131044125832,3.696925056513935,0.5835604555552985,0.15624501154020573,0.05985455866730239,0.07382974897506547,0.1265102028795124,27.34375,33.69140625,66.89453125,4.57,402.7,17.4,0.30145485395774785,1.515581055141694,4.063029158182695,0.3799151603498797,3.6927505484902574,C0,0.0,low,1000.0
0.14463517344317936,0.5326129398640674,2.7724704226160335,0.3379095622122826,3.6824579193615516,0.09141996503459918,0.3382995153714291,2.7120230669192,-0.14887642636014342,3.7004992863801127,0.041669378194909394,0.1487364276788589,2.7097019348118545,0.0824909822886342,3.569441976867068,0.6145307361370371,0.16232035783335133,0.05895840400899698,0.06215898710407514,0.10203046019331738,28.80859375,34.66796875,69.82421875,4.74,418.1,14.7,0.28809989439587746,1.582096136095,3.6824579193615516,0.4009967404411548,4.731431323739681,C0,0.0,low,1000.0
0.14301125722196753,0.5133444228818295,2.7405309332588423,-0.22074465689610048,3.589538563982194,0.08073795676504975,0.2824698094878652,2.6200677533100074,-0.007887604753470534,3.4985999250620394,0.0419544503237992,0.1508571361216256,2.696256094752335,-0.026224237135770174,3.5957362081335615,0.597372337701294,0.18145281410517125,0.03690155579514672,0.06898718847117845,0.11528498751170846,26.85546875,33.203125,66.40625,4.5,397.1,20.9,0.29336467029781976,1.7713014169795658,3.589538563982194,0.39192677422103905,4.226493487973972,C0,0.0,low,1000.0
0.15237050059348792,0.5657777335503071,2.654612179745291,-0.18502140502371534,3.713171062289518,0.09069744681656304,0.3405713355322701,2.7689512385818427,0.23651761230559828,3.755026712285306,0.04141765516518916,0.1422797465738072,2.606524506547546,-0.02818475606536732,3.4352438834681047,0.5822809867907347,0.1566606185384378,0.06069207343007826,0.07497302567191949,0.12539167481647157,28.3203125,34.1796875,68.359375,4.64,409.0,8.3,0.27182200625361264,1.6799866582976648,3.713171062289518,0.4044845867093601,3.687982980674713,C0,0.0,low,1000.0
0.14924906651509745,0.5324101543933051,2.6422920340173053,-0.07230006010601331,3.567259526808823,0.08129946226632559,0.3019183148170599,2.693619219165045,-0.11378402734566877,3.713656971407978,0.03827011224594704,0.1424705938070554,2.650728149192343,0.1880250017024895,3.7227639389049245,0.5785647059352623,0.17330313628319877,0.03779761961458821,0.07915461437625423,0.13116708468676186,31.73828125,62.98828125,72.75390625,4.3,378.9,4.4,0.25641776621816115,1.8357940182455146,3.567259526808823,0.39435961953736093,3.574846749375052,C0,0.0,low,1000.0
0.15215900891712644,0.5593059514216762,2.7354365595335106,0.15105683559384453,3.6757991222609943,0.0866821050811656,0.3141737342005509,2.746958103826604,0.33210454355617525,3.6244359075771335,0.042586401550063005,0.1514823666021585,2.636707428659239,-0.0593093237496961,3.5570595563018257,0.5754444845835933,0.1799233608982933,0.038144881927924486,0.07736884485281105,0.1291126458474756,31.25,62.98828125,70.80078125,4.27,376.5,13.8,0.2798809078288472,1.7553681786413808,3.6757991222609943,0.4162213158542931,3.658283572634232,C0,0.0,low,1000.0
0.1536875148986476,0.5920867974732109,2.7305531919323047,0.18641503416460495,3.8525367390036513,0.08290303589806568,0.3168367097951389,2.64624337999089,-0.1237005111123331,3.8217745148043663,0.042616537720092336,0.153319577260779,2.659029314804599,-0.0361565472337388,3.597654466155605,0.5846450021968452,0.18149230473695532,0.03834994259980437,0.07420036552075236,0.12128036963860439,27.83203125,55.17578125,73.2421875,3.77,332.4,12.8,0.27729342717394245,1.8538225196917486,3.8525367390036513,0.41965193436664583,3.919247113068416,C0,0.0,low,1000.0
0.13581285573350496,0.4603165611277677,2.6147398529811303,-0.17945621587512145,3.3893445406303155,0.08943454693313624,0.3058785919860036,2.6105072409274785,-0.14757119723452217,3.4201391126259852,0.04247693171324921,0.1627388049869481,2.8596589504153522,0.3654227724780759,3.831227878829754,0.6094336914309463,0.16098156571369468,0.05873495086901178,0.06431661282059396,0.10652215269824056,27.34375,48.33984375,96.6796875,6.58,580.4,13.3,0.3127607580581208,1.5185726365343186,3.3893445406303155,0.3551152864335722,4.5096044495808805,C0,0.0,mid,1000.0
0.13254766419989228,0.5166041657602227,2.6659486844115046,-0.11445936127923372,3.8974973182563453,0.09455605985621127,0.3569933414039046,2.7196747590758683,0.12669350992562073,3.775467610925987,0.046080858301111645,0.1638321155741686,2.702731783685351,-0.0298369625999276,3.5553182300472983,0.5878308736386554,0.1543191194019094,0.061478785183187515,0.07361129414645673,0.12275565632023551,27.83203125,47.36328125,94.7265625,6.46,569.4,22.1,0.3476550007823457,1.4017892073914011,3.8974973182563453,0.35336527099552073,3.7794037707299855,C0,0.0,mid,1000.0
0.1517689887274998,0.5726433310593858,2.7043453200471737,0.04859062818875908,3.77312477246299,0.08244892658289103,0.30590633995308,2.7485948901724826,0.22064197978053243,3.7102525482309745,0.043443916160413105,0.1539738203537429,2.6402194018732534,-0.07431087072404244,3.5441975301031143,0.6029781444662169,0.16130149287918555,0.06013680587385021,0.06517304979351306,0.11040796099331235,27.83203125,42.48046875,84.9609375,5.78,509.6,8.5,0.2862502842291212,1.840763670524164,3.77312477246299,0.4104357543935063,4.35286044840761,C0,0.0,mid,1000.0
0.13201742325232133,0.4659039794200993,2.6914254574639775,0.04525919041393604,3.529109779166267,0.08882938307247364,0.3138893979525229,2.5555648967339106,0.10583319947486258,3.5336212759288053,0.04224886982433761,0.1448737518042276,2.5826800870486153,0.012191446292626985,3.4290562660393946,0.5968809158563732,0.15880718474784783,0.058931087025384715,0.06977008014288526,0.11561030327992992,28.3203125,44.921875,90.33203125,6.14,541.6,17.6,0.3200249541576682,1.4861909278893861,3.529109779166267,0.3553150537700945,4.076418910412161,C0,0.0,mid,1000.0
0.1497174157184041,0.5765583528266911,2.837507142550648,0.32704510952732974,3.8509771896618257,0.08994010842605285,0.3252474223287473,2.6708613228913465,-0.0876051835537729,3.616266735948622,0.044369894681197806,0.1719671963384388,2.767266081237709,-0.15498897336733528,3.8757630049392846,0.5722806532529662,0.15462618358961625,0.06103034993807113,0.07973168146301104,0.1323304711505801,27.83203125,38.57421875,76.66015625,5.22,460.3,15.2,0.29635760454649374,1.6646345922686883,3.8509771896618257,0.42482423646519635,3.4278008964999755,C0,0.0,mid,1000.0
0.15483140345652358,0.5196562764237401,2.6622965626090975,-0.1085420999717274,3.3562718209788676,0.09661455157502762,0.3512221654958057,2.7377839175056806,-0.2981951145476414,3.6352926114143207,0.045229924074693076,0.1804294897987179,2.7815428113276193,0.2628385946562879,3.9891618986747606,0.6095524270958295,0.15893731890614032,0.057757381769036116,0.06551256308868604,0.10823365142335058,27.83203125,37.109375,73.73046875,5.03,443.0,15.3,0.2921237104680354,1.6025681528551805,3.3562718209788676,0.41220711320624503,4.423058932019098,C0,0.0,mid,1000.0
0.15005449778745603,0.5071623811231368,2.686662401069031,-0.035994791688624836,3.379854576845171,0.08522113124825986,0.3037729297446462,2.6961104056679654,0.1778857774819016,3.5645259021464697,0.03691002317830643,0.140240533779991,2.6925880101180044,-0.1637219548472428,3.7995244029653232,0.6096409936534132,0.1591620254925895,0.058679018221544345,0.0643397969414028,0.10817267411178,27.83203125,41.015625,82.51953125,5.61,494.6,19.6,0.2459774530090225,1.7607663215632332,3.379854576845171,0.4031457773168542,4.456506909051191,C0,0.0,mid,1000.0
0.13182049011292638,0.4786640476826247,2.7023862576691786,0.16421818990096942,3.631180913320597,0.08845820915211886,0.3134095047015025,2.7674041750102187,0.3307282935007535,3.543023397212822,0.04638390582497118,0.1692902378542592,2.674231829851726,-0.23485255990045487,3.649762451939102,0.6044982594598942,0.15746862704790468,0.05917016903531819,0.06684849682384274,0.11200846886461262,27.83203125,43.9453125,87.890625,6.0,528.8,10.1,0.3518717445613772,1.490200755548179,3.631180913320597,0.35622988096038805,4.260202467233186,C0,0.0,mid,1000.0
0.14282319248864303,0.4869999466556076,2.655175199352819,-0.10136876070640162,3.4098099767258225,0.09456992798338014,0.4256197641639669,2.799458547413278,0.23190163403063682,4.500582513278069,0.04107974154444344,0.1424464367901354,2.6462617150418684,-0.020179219227301544,3.467559225902752,0.6324062370974023,0.16542539430170924,0.05604835839309327,0.05555622429322032,0.09055720827881535,28.3203125,39.0625,78.61328125,5.34,470.7,-0.0,0.2876265460016937,1.5102389896473538,3.4098099767258225,0.3792205985882388,5.460357869600873,C0,0.0,mid,1000.0
0.13429408127834178,0.4660888375258795,2.677664181862694,-0.057732944182989625,3.470658074348417,0.07502655389670028,0.266663101097725,2.6494327865913325,-0.05794937545843546,3.5542496256042626,0.04017705357878065,0.1524692143648904,2.7250820607112867,0.09835098576017562,3.794932698733697,0.6115751925950427,0.162275234633766,0.05841369609930884,0.06300574909857981,0.10472672257210183,28.80859375,43.9453125,88.37890625,6.01,530.1,10.8,0.29917218388432576,1.789954013658198,3.470658074348417,0.35959445127517314,4.613599379541438,C0,0.0,mid,1000.0
0.1505474367213599,0.5288762630464644,2.665985564875541,0.2506101696878961,3.5130207100459163,0.09211928831805623,0.3592166592689771,2.6826785285066372,0.21295296665216926,3.8994728012739905,0.03843086297765946,0.1370858468191945,2.5827962710039785,0.11935517918446366,3.5670769844248595,0.6325173101085168,0.16470001267971665,0.05726560921574978,0.05401911599725776,0.09149039535480077,27.83203125,40.0390625,79.58984375,5.42,478.1,23.2,0.2552741103708665,1.6342661723739262,3.5130207100459163,0.40135729312815943,5.478798707937212,C0,0.0,mid,1000.0
0.13908732518324318,0.5221296298850191,2.703487019224911,-0.08409530054552158,3.7539698832882844,0.08012482800989472,0.2994740644006032,2.817142888124024,0.32693919942117905,3.737593849981441,0.04133358560989612,0.1616230977270689,2.689628631052341,-0.10852832583189247,3.9102123694870783,0.5730150451998592,0.15183418135899737,0.06134544577903683,0.07944458368063465,0.1343476197078371,29.78515625,42.48046875,84.9609375,5.77,508.6,19.5,0.2971772270078558,1.7358829795686688,3.7539698832882844,0.376020778171612,3.390438075245276,C0,0.0,mid,1000.0
0.144667068444357,0.5338563506481275,2.75483800649259,0.3244611821550251,3.6902410229834968,0.08112919878130434,0.3113212569673947,2.762385574913938,0.28421707585378786,3.8373515533736113,0.044537834707296955,0.1647237743600965,2.739159333693228,-0.22469232787066915,3.6985133076779015,0.6213367061561843,0.164809351379403,0.05834485020241599,0.05838654413771472,0.09712234507424924,26.85546875,49.31640625,98.14453125,6.68,589.0,12.7,0.3078643618497561,1.783168952947857,3.6902410229834968,0.3985343384383795,5.055312667458149,C0,0.0,mid,1000.0
0.15004885557056477,0.5517830040929347,2.6275252778098306,0.22686495281091204,3.677355631902457,0.08445725743187409,0.2875884820244941,2.6628632055721377,0.06163608977800868,3.405136405908896,0.04268177845825197,0.1513246020905399,2.663229722721841,0.06591772658461068,3.5454146372685478,0.6287836117087269,0.1659861358193406,0.05858218457076541,0.05501549587169511,0.09162853007264991,28.80859375,45.8984375,91.796875,6.26,551.6,16.1,0.2844525424466143,1.7766247701282387,3.677355631902457,0.3942571609180953,5.4197212768128855,C0,0.0,mid,1000.0
0.15037470457032728,0.521596202461868,2.6336327336316803,0.23774425590349169,3.468643239913584,0.09123110323753904,0.3372836071518074,2.6290690126118283,-0.04726558305947182,3.6970243171741526,0.04549424772208281,0.1608572262639292,2.7392271244415425,0.0914381564751539,3.5357706593277602,0.6334506381484286,0.16424555179212758,0.05655741713668422,0.05438148831267796,0.09136459784924165,26.85546875,39.55078125,79.1015625,5.4,475.7,19.9,0.30253923259284643,1.6482833072707195,3.468643239913584,0.39603174426660737,5.473191156943584,C0,0.0,mid,1000.0
0.1493998220192721,0.5449173071974336,2.758932560440239,0.30815293376863034,3.6473758792506525,0.0871015777333178,0.3331532061947045,2.706075383755544,-0.07737808687226332,3.8248814185057856,0.043182466084861364,0.1585051115759078,2.6842146724742295,-0.06861118466674829,3.6705896153410174,0.23026633043946543,0.4496366607683313,0.15575153627402802,0.06220878762434218,0.1021342532814694,27.83203125,56.15234375,112.3046875,7.64,673.6,13.7,0.28903960862343575,1.7152366915407113,3.6473758792506525,0.41218403349294636,4.137096328876276,C0,0.0,high,1000.0
0.12697721091026354,0.4738280882713192,2.8254009434111427,-0.351903045555253,3.7315994332729496,0.09016671135306362,0.3559499406096892,2.739730434723799,-0.09266207540320011,3.947686848818347,0.045496713478347356,0.1557664828233738,2.5710047840807064,-0.0959735574851723,3.4236864800686244,0.21523024484574269,0.4257894290816084,0.1538033482147095,0.07622054417232278,0.1289527081535153,27.34375,54.6875,109.375,7.44,656.2,17.4,0.35830613345650253,1.4082493306544357,3.7315994332729496,0.3587615314975742,3.124284801555614,C0,0.0,high,1000.0
0.14199276395562369,0.5335487545553395,2.6822131366428983,0.0017964305376236462,3.7575770742943413,0.0897783946654135,0.3048591771361085,2.5340289673500713,-0.10466196527957464,3.395685323537572,0.04450231730383695,0.1646478486098768,2.609949572484496,-0.11220323575623357,3.6997589920037943,0.2251204026458753,0.4464208990684536,0.15382836756595772,0.06495470284077233,0.10965596496799736,27.83203125,64.94140625,129.8828125,8.83,778.1,16.4,0.31341257162755876,1.581591701264017,3.7575770742943413,0.3808548567900081,3.845935131808718,C0,0.0,high,1000.0
0.14066987558332558,0.5196484175901541,2.7698093266641415,-0.3282927390748455,3.6940987929028286,0.09157043219686974,0.3706282730048234,2.6768317620301,0.14349330898664184,4.0474666779774475,0.043480258439162076,0.1537759658834584,2.6992185924413863,0.20195282014465654,3.5366847255202716,0.23114683653473478,0.45484003556450064,0.15405543733058605,0.06049053872302954,0.09945558950413239,27.83203125,65.91796875,131.34765625,8.94,788.2,23.5,0.30909431218915534,1.5361932035102295,3.6940987929028286,0.3896287333713796,4.288862004367929,C0,0.0,high,1000.0
0.14173474132080183,0.5628874538313973,2.7974336043229555,-0.2862943017198565,3.971414831578661,0.08968289131351716,0.3576656822895286,2.764555556789321,-0.19261635232752292,3.9881149799150224,0.042591709144775884,0.1561670561402521,2.649537072382523,-0.1224306081070853,3.6666069353877258,0.21936273809486473,0.42853326882300546,0.15484640610942826,0.07520768292653814,0.12204834874052771,27.83203125,61.5234375,123.046875,8.38,738.9,18.5,0.3005029588925836,1.5803988837215301,3.971414831578661,0.3964935282708324,3.28454345067332,C0,0.0,high,1000.0
0.15056392806471874,0.5460717601288131,2.7986774877871268,-0.37907694994762015,3.626843209710153,0.09035297011301528,0.3513740683104785,2.7414392645929606,0.25092846776005756,3.888904458491767,0.043800544023745794,0.1656543797201098,2.7218565304239006,0.1922965652203245,3.782016488888878,0.23214675183823566,0.4552094691251229,0.13220713404435255,0.08244173438810944,0.09799363165539682,27.34375,71.2890625,142.578125,9.72,856.9,20.9,0.2909099449432434,1.6663971076588895,3.626843209710153,0.42137987594752874,3.8094317984071067,C0,0.0,high,1000.0
0.13448575770764412,0.4986296937071259,2.7452461652100997,-0.1652868822348664,3.707676576363476,0.09575979727537727,0.3587693827195406,2.7514125361510424,0.08802015015806999,3.7465553700769063,0.03991016673452745,0.1446640092221082,2.618183820848262,-0.07739989594232545,3.6247407880898463,0.2151761034899809,0.4215838023759115,0.1530963587360602,0.07894340146113117,0.13119779674702042,28.80859375,60.05859375,120.60546875,8.21,723.5,12.8,0.29676128844280564,1.4044072933958107,3.707676576363476,0.36919651062228465,3.0301526368720966,C0,0.0,high,1000.0
0.1375755118621659,0.4841513732172319,2.5968410565938753,0.13825234875702755,3.519168249232416,0.07765903379646918,0.2961121754245079,2.805649055374412,-0.25032102548013985,3.812977846216403,0.041724011310653814,0.1527919506424715,2.7099953009606472,0.29267260973978154,3.661966954827701,0.23471568876023677,0.456770061706691,0.15609975966417955,0.0566501420720429,0.0957617872927275,28.3203125,63.96484375,127.9296875,8.7,767.2,18.8,0.30328080009221586,1.771532623271201,3.519168249232416,0.35726173758559016,4.536952936354356,C0,0.0,high,1000.0
0.14425986002104607,0.5974545797916376,2.8524195726308688,0.3173369840378948,4.141516425320772,0.09136248220423845,0.3280938554261644,2.6893234961970145,0.04663791433305337,3.591122389743299,0.04309099422860551,0.1562340307335068,2.6883358917313407,0.007702338717683748,3.6256770940270497,0.21208193930506983,0.4204706034372216,0.1472181964479728,0.08228143737801631,0.13793843532710842,27.34375,62.5,125.48828125,8.53,751.5,10.5,0.29870397921028735,1.578983588674363,4.141516425320772,0.4114896482690212,2.8723681245120045,C0,0.0,high,1000.0
0.14973082592102563,0.5486030394303881,2.5503901655290715,-0.11479892851306983,3.6639284933868232,0.09283010135662623,0.3508769764825757,2.7559914095226077,-0.2752303391278255,3.7797758631611154,0.04646751876378893,0.1661116215303065,2.6173863125806416,-0.0799519390910502,3.5747900027697086,0.22937680886273482,0.4570325155767193,0.15330008174906823,0.06025731808383418,0.10003166801521436,27.34375,60.05859375,120.1171875,8.18,721.3,12.8,0.3103403622998638,1.6129555363276336,3.6639284933868232,0.38187202590552916,4.282323702611084,C0,0.0,high,1000.0
0.16202136172004372,0.6262577190970356,2.6161416703467317,-0.09870308160804787,3.8652787042929853,0.08129074027204154,0.2795239993253899,2.598869997837799,-0.04489181537892668,3.4385712122925156,0.04541753792691608,0.1763280878043639,2.687707669926917,-0.20794453050608155,3.88237883101685,0.2117807230230954,0.4198159133432067,0.1501525394812521,0.08196505663409699,0.13628230007584938,29.296875,52.24609375,104.00390625,7.09,624.7,10.7,0.280318208937121,1.9931096847910978,3.8652787042929853,0.4238708358821272,2.8939486181530363,C0,0.0,high,1000.0
0.15989779545701363,0.6042931627963285,2.717202081919916,-0.07212083406045504,3.779246368401524,0.08683234767109999,0.3272924237934042,2.7265483837890665,0.2690239797793844,3.769245362720228,0.04349813245459531,0.156386714790562,2.6642159567866326,-0.027764003238705322,3.5952512433448325,0.21354841180574374,0.41850204344588693,0.15189245475081267,0.08018022327421878,0.13587610469254705,28.3203125,56.15234375,112.79296875,7.67,675.9,17.7,0.2720370992625048,1.8414542477034936,3.779246368401524,0.4344746227102023,2.925396637069819,C0,0.0,high,1000.0
0.14080330194984303,0.5240366916525245,2.797378013646611,0.3071950041037666,3.7217642228248096,0.07455082414111103,0.3017561050606789,2.650147810677688,0.06530187942765135,4.0476561934380495,0.039717855909523765,0.1451194913516204,2.714978890399642,0.23669163728872122,3.6537594497094403,0.21750961619317227,0.4283659782428143,0.15070127200176134,0.07661712252749253,0.1267978992910053,27.83203125,65.91796875,131.8359375,8.99,792.4,21.1,0.2820804296455495,1.888688737810976,3.7217642228248096,0.3938800611233359,3.1751617390985283,C0,0.0,high,1000.0
0.13651521200117173,0.5502284324360688,2.86463506638116,-0.33154401318290755,4.030528351897853,0.08411585825765104,0.3331672760226858,2.757289265948603,-0.10945709363385266,3.960814083382208,0.0438361574288326,0.1504110986443633,2.6231207685772735,-0.1805511354598235,3.431210842066932,0.2157120873937423,0.41930970029581144,0.14998984544199603,0.08172706021137546,0.1332285419165063,28.80859375,60.546875,121.09375,8.24,726.5,13.8,0.3211082251291992,1.6229426273345375,4.030528351897853,0.3910662633930147,2.9541997575469816,C0,0.0,high,1000.0
0.1247805924334213,0.4649817668610526,2.703588319156768,0.09234962074236559,3.726394928835998,0.08660620811826115,0.3107524558821034,2.7667139874172078,-0.3180658180046943,3.588108319645741,0.038646291260711604,0.1343789239360078,2.6049863553614925,-0.019974938837393746,3.4771492826950623,0.21909914668173858,0.4360883371780459,0.15116603869105122,0.07380548060472018,0.11983955615096707,28.3203125,58.59375,117.67578125,8.0,705.3,16.3,0.3097139587739332,1.4407811535061419,3.726394928835998,0.3373553521604592,3.383445787388826,C0,0.0,high,1000.0
0.16712992689806433,0.5832646355156964,2.5656475728644366,-0.15763374860702045,3.4898874566698064,0.08171134794724517,0.3168672898466599,2.611033701361818,0.12410802812885395,3.8778859706394404,0.040512929415490236,0.158154464509619,2.7579388432133536,-0.17434222462046375,3.903802237740631,0.6313518622838356,0.1900058953742234,0.032098322492113994,0.054606292583064486,0.0919375595998829,31.25,62.5,72.265625,4.25,374.7,10.2,0.24240380024937025,2.045369842704926,3.4898874566698064,0.42879649129902947,5.60485987929855,C1,10.0,low,875.0
0.16283298319942,0.5709478079730692,2.6846858055468106,0.027980324028135158,3.50634003476946,0.08218325334164926,0.3315801663530799,2.801976719209249,0.3245474039435922,4.034643955680932,0.04026967425266567,0.1580003844815058,2.7774048694090685,-0.22903711672499025,3.92355755078021,0.5959154195993834,0.1861344243819363,0.036161350379447725,0.06787318862862275,0.11391544693525013,25.390625,50.29296875,72.75390625,3.43,302.8,15.8,0.24730661725547204,1.9813401949725278,3.50634003476946,0.43715539867032516,4.301973231470459,C1,10.0,low,875.0
0.14171670500815328,0.5328252699651419,2.6847679546424974,0.10984916623101848,3.7597915498704775,0.08667827851767403,0.3202672736809505,2.7564951587954356,-0.21447613742063723,3.6948965664523064,0.04817449420510612,0.1709561073228041,2.7485493856613488,-0.032684840196203574,3.548685048875596,0.6157424241864097,0.16112138828394668,0.05827827539176,0.06185618978125813,0.10299986813282423,28.3203125,35.64453125,71.2890625,4.87,428.9,18.9,0.33993518408669277,1.6349736915836037,3.7597915498704775,0.38047646824341386,4.712376495592492,C1,10.0,low,875.0
0.15121482262704153,0.5410060768162043,2.740000639847776,-0.15336122202706554,3.577731781959958,0.10029316231077218,0.3681813583791875,2.816241567945877,-0.33323584170035964,3.671051444547404,0.04301702649469238,0.1677227282371559,2.7546137996113416,-0.22558085012046633,3.898984702205073,0.5678333866644731,0.17491803965132205,0.03931844016675518,0.08270559737718447,0.13522434380883094,30.2734375,60.546875,74.21875,4.14,364.6,15.9,0.28447625535222965,1.5077281356278465,3.577731781959958,0.4143287107525617,3.408211933952734,C1,10.0,low,875.0
0.14542761491786407,0.5537864061657164,2.7427021465359185,-0.25449086941688015,3.807986581355191,0.09050536169936539,0.3738482875498076,2.796755990229836,0.3568700709318736,4.130675581316736,0.04297213228506771,0.1610419243109725,2.668208655182317,0.14667421920382936,3.7475897924416612,0.6322619762140124,0.18995692612995516,0.03175417520765491,0.054738333127522576,0.09128858317358976,25.390625,50.78125,70.80078125,3.47,305.5,18.0,0.2954881183284062,1.6068397737687157,3.807986581355191,0.39886463160082475,5.630598270311515,C1,10.0,low,875.0
0.17344565638065174,0.6125435006215437,2.742024636077018,-0.29033107232290506,3.53161626185223,0.08903668785355233,0.3255266894497143,2.6474789500928044,0.05363466189024503,3.6560961250618518,0.03952109231900408,0.1360728130384198,2.6849330888647125,-0.17215276648576208,3.443042817239845,0.6993248657914463,0.06298176134128357,0.0385333394569642,0.07499909267987057,0.124160251261174,22.94921875,28.80859375,45.8984375,3.14,276.5,18.6,0.22785864543225742,1.9480245791031152,3.53161626185223,0.4755922628162961,3.8276217025418044,C1,10.0,low,875.0
0.16791150369311034,0.6133538627624635,2.619496362266129,-0.1691978075726398,3.652840033423096,0.08666239908026276,0.3123260729455185,2.7157838996744887,0.288150830756661,3.6039398431176175,0.041535964403830866,0.1535936874024469,2.617151353825136,-0.010006515439659573,3.697848108428197,0.6086999329163754,0.15976055614638235,0.05883050939143016,0.06409163546622332,0.10861080636008683,27.34375,34.1796875,68.359375,4.67,411.4,17.2,0.24736818794586943,1.9375358341695383,3.652840033423096,0.4398435731067382,4.449621446786559,C1,10.0,low,875.0
0.1653873531655946,0.6151538279627883,2.7169584673691243,-0.27259923897069765,3.719473201477888,0.08996747856172076,0.3350867067816358,2.807252095625054,0.2527645698296362,3.724531487805951,0.04719232904017317,0.1628478612910383,2.6063993958007434,-0.0894894641770342,3.4507273661448585,0.714580386935992,0.08895795663954521,0.03396856335966424,0.06141746261715012,0.1010684962618172,23.92578125,47.8515625,73.73046875,3.24,286.0,11.6,0.2853442426938274,1.8383015263913753,3.719473201477888,0.44935056957903,4.945278651271508,C1,10.0,low,875.0
0.17127205370325782,0.6403413764862587,2.6490115740466043,-0.13387992206346538,3.738738239197505,0.08534787957163747,0.3075208266234877,2.6645091057949664,0.05395346861611778,3.603145481375052,0.042310860588988405,0.1733682907188801,2.6542743192333154,-0.14333802867823867,4.097489115217855,0.5735211678793151,0.17841744273114993,0.0386071201144062,0.07812419825566441,0.13132945009178257,29.78515625,59.5703125,73.2421875,4.06,358.2,7.2,0.24703890491262087,2.006752300852409,3.738738239197505,0.45370165257066153,3.590000062272156,C1,10.0,low,875.0
0.15572570175015624,0.5754388529024852,2.7032214014026477,0.061023782765933086,3.6952079614045332,0.09158612099639606,0.3679870194488233,2.783043783635734,0.3488449255717938,4.017934327225232,0.04818002376577641,0.1657185021343325,2.6230937857585706,0.002504049062414092,3.4395687088068,0.5879870001340639,0.18056067252932803,0.03732850960421386,0.07227659643809577,0.12183315998515598,27.83203125,33.203125,66.40625,4.52,398.2,21.5,0.30939031402199524,1.7003198744085264,3.6952079614045332,0.4209610497194681,3.9593459227654275,C1,10.0,low,875.0
0.16296411884854584,0.6302808693198843,2.764869981315007,-0.34203704345425173,3.867605174520958,0.08625081445213365,0.3178492971448472,2.718880445709263,-0.24860003550366339,3.6851744434395237,0.04576019209536945,0.1607791806520564,2.711747862993412,0.24215332672302164,3.513516296368999,0.6256939868377629,0.16299952557780878,0.05714334928610148,0.05785059311757192,0.09630804869409425,27.83203125,35.64453125,71.2890625,4.86,428.1,16.0,0.280799187076866,1.8894212174539586,3.867605174520958,0.45057460023579554,5.116116120036328,C1,10.0,low,875.0
0.15628857670158183,0.6016459201431812,2.752387721194636,-0.1999290964406566,3.849583461828863,0.09365233557898285,0.3320974554302023,2.765757355406877,0.2887722072187346,3.5460669867664305,0.04124070193368811,0.1597353483098939,2.7076144425765376,-0.1934667922703766,3.873245139394962,0.589394652234391,0.18075110888783336,0.036676016490876664,0.07290995065619438,0.12026080662795925,25.87890625,51.26953125,71.2890625,3.49,307.6,17.7,0.26387534395705264,1.6688166476080453,3.849583461828863,0.4301667594764199,3.9868651546949327,C1,10.0,low,875.0
0.1660287691431409,0.6044676004151756,2.628316700299864,-0.03058719503372686,3.6407401171181166,0.08917009967370085,0.320740306323329,2.7322123853797855,0.12499430010263728,3.5969490613671,0.04003989921826168,0.1434776755533771,2.6712642522262153,0.20710930080299095,3.5833675497349597,0.5821958934379597,0.1780433350479321,0.03772867119306185,0.07571797329195434,0.12630459148115378,32.2265625,64.453125,69.3359375,4.38,386.3,17.4,0.24116241676008257,1.8619332012713694,3.6407401171181166,0.436376186669148,3.7631401687218347,C1,10.0,low,875.0
0.16579522855950318,0.6731956466847789,2.6671900717041117,0.039557556969982886,4.060404225946538,0.09712784455029914,0.3410664850069698,2.720933431162836,-0.17608279354617293,3.511521197511423,0.04397960601392456,0.1678623693747822,2.6558206807071683,0.0505844931295444,3.816822945654279,0.6939658773670132,0.08765024755196545,0.035266746542088834,0.0689369222872659,0.11417745707182372,23.4375,46.875,71.77734375,3.19,281.6,12.4,0.2652646062015016,1.7069793870865073,4.060404225946538,0.44220738754982086,4.268458477453699,C1,10.0,low,875.0
0.17566916241430075,0.7272502087776169,2.795965181707844,0.33330177135581174,4.139885445929658,0.08958200558272683,0.2992957822819996,2.654172835216071,0.011392694668468512,3.3410256929959794,0.048241287935030304,0.2114768887361514,2.749591439003943,-0.07165550182921551,4.383732229971993,0.6022065048772749,0.15731000679288004,0.06021331837352103,0.06799971253999026,0.1122700689783397,28.80859375,35.64453125,71.2890625,4.85,427.2,2.4,0.2746144358635771,1.9609871566458121,4.139885445929658,0.4911648616101652,4.213221457712406,C1,10.0,low,875.0
0.16189602026901714,0.541359374326859,2.573130290311726,-0.12387237118267727,3.3438707969924177,0.09656529781021092,0.3663109938158233,2.7246472285981174,-0.020856495675462113,3.793401999709767,0.042464923046913315,0.1368273753776904,2.524880365518453,0.12747206068914355,3.2221270064832037,0.6057319294850391,0.1578510402340087,0.05836328072962224,0.06692718717522488,0.11111953986404276,27.83203125,49.31640625,98.6328125,6.72,592.4,10.1,0.26229751031773846,1.6765445138191049,3.3438707969924177,0.41657955363512916,4.288666140718453,C1,10.0,mid,875.0
0.14743687929866478,0.5277916957287184,2.72690168937575,0.25285229763705597,3.579780705067448,0.0820439745389337,0.3096267411697925,2.653408557803093,-0.1362063102043521,3.773912013768423,0.04510270912852427,0.1578922061413491,2.6931167474791993,-0.23721675585113702,3.500725548246357,0.6283303186240758,0.16296112851557756,0.05736810175552664,0.056130849639841336,0.09520449988384122,27.34375,41.015625,82.03125,5.59,492.8,17.6,0.305911989883882,1.797047012010603,3.579780705067448,0.40204587523581753,5.228728447320392,C1,10.0,mid,875.0
0.16026696364068668,0.5782595977984346,2.679154162182615,0.15800257969031387,3.6081022854770857,0.08998909121533916,0.3523247771264781,2.70488407614684,-0.018120179901921718,3.915194301533543,0.04460145637483773,0.1673362091760355,2.6213825869969813,-0.03432230124956443,3.7518104290074166,0.5865597561628718,0.15309891013203097,0.0597373193948431,0.075249983435795,0.1253532182946855,28.80859375,41.50390625,83.49609375,5.67,499.9,15.0,0.2782947612012713,1.7809599083201795,3.6081022854770857,0.42937990269831555,3.6871727864476846,C1,10.0,mid,875.0
0.16549755097906926,0.5704278707636362,2.6662956130898516,0.09241986150599493,3.4467450870966614,0.09047830220397947,0.3196838744893378,2.6568259984105596,-0.22928173569750532,3.5332656195142143,0.04270604508276006,0.1717449052556721,2.770962099390015,0.25322772175812797,4.021559592391371,0.6125118496374357,0.16120473359257276,0.05950137756606451,0.0624487307945047,0.10433309073486953,27.83203125,45.8984375,91.796875,6.25,551.1,9.3,0.2580463869713768,1.8291407657712464,3.4467450870966614,0.44126539415260646,4.639094213836359,C1,10.0,mid,875.0
0.15286287003625157,0.5734124165661012,2.8035879782845456,0.3340893797885239,3.751155636618074,0.10681904796241469,0.4061459016219129,2.745087529752508,-0.11194527432933302,3.802186121007362,0.04482432883866464,0.1600118550258313,2.6643158464942154,0.07330069260149304,3.569754621463691,0.6059887224210054,0.16027928159304727,0.059267922755918453,0.06573728799099304,0.10870854686548004,28.80859375,37.59765625,74.70703125,5.1,449.4,6.5,0.2932322860877498,1.4310450519090738,3.751155636618074,0.4285645047597078,4.3925841201339475,C1,10.0,mid,875.0
0.15289671341593694,0.5764461189452373,2.7497678875536726,-0.21018515966908416,3.7701668405198854,0.08836282621253178,0.3124331984699904,2.65963869266658,0.0645039028005096,3.535799066889517,0.04385530275251077,0.1480493272355279,2.6387103137391597,0.01857291306421633,3.375859199308615,0.5883435050683679,0.15791632178813383,0.06052690666830963,0.07279462811141428,0.12041791677617673,27.83203125,49.31640625,98.14453125,6.69,589.5,14.4,0.2868295973976088,1.7303284646892931,3.7701668405198854,0.4204304726636402,3.862377710984904,C1,10.0,mid,875.0
0.15671144786809255,0.5620621327985297,2.6539868439009924,0.1737608761959259,3.586605448707421,0.09235479517335435,0.3610294052091975,2.791548162301151,-0.21043922967155673,3.909157120986822,0.043596992145793156,0.1651913914642299,2.8293586728381213,-0.31080216488368717,3.789054779554783,0.5785043159030342,0.15778835561467403,0.06630047716938436,0.07350780220245962,0.12389651848634743,27.83203125,49.8046875,99.609375,6.78,597.3,15.0,0.27819915353273805,1.6968414858582892,3.586605448707421,0.4159101209305938,3.7298711038772954,C1,10.0,mid,875.0
0.16402459082316506,0.6084104409648421,2.7244467418580993,-0.2809216028596288,3.7092635800004494,0.08719186331943568,0.3550831213107294,2.766815479306468,-0.12170539329823842,4.072434144569759,0.046240224047839076,0.1754688018281653,2.7101757517582628,-0.00857843952883779,3.7947221373025637,0.628340356883938,0.1633595703508431,0.05806952493807049,0.05688270644506812,0.0933445248525974,28.3203125,45.41015625,90.8203125,6.19,545.7,15.9,0.28191031488498375,1.881191484832081,3.7092635800004494,0.44687626205277997,5.270016097588053,C1,10.0,mid,875.0
0.16492657865604687,0.6533139138439902,2.6741238439167465,0.12813144253116646,3.9612409301624534,0.08648099915004688,0.2897036615439287,2.623952526294446,-0.0390335426448001,3.3499111295104833,0.04402121695122436,0.1777389778356207,2.7743579306278083,0.19980290985858484,4.037575290854772,0.2329738843910077,0.44324272784905194,0.15424909121940916,0.0638221693498323,0.10571140629188598,27.34375,50.29296875,100.5859375,6.85,603.5,25.7,0.2669140250767602,1.9070845651296742,3.9612409301624534,0.44103409647974573,3.9886884334294574,C1,10.0,mid,875.0
0.1601007645903116,0.6254510000850908,2.6355150884035305,0.044141654727074216,3.9066084517808704,0.09719125642241601,0.3555324648614861,2.7040817021691987,0.21519574036450329,3.6580704679468137,0.04444504699699036,0.1755812028654629,2.75370794275984,0.2509307730387232,3.950523505518006,0.616238281740687,0.16286297076765238,0.05748254022156204,0.060824394978319984,0.102591343588608,27.34375,42.96875,85.9375,5.84,514.9,13.4,0.277606712939333,1.6472753875562234,3.9066084517808704,0.42194798074270795,4.767602308937051,C1,10.0,mid,875.0
0.1577847964863449,0.6075130330931653,2.7370573773763964,-0.16535044953182737,3.850263438694114,0.07831852571980626,0.3104851528819161,2.824007741358119,-0.3107309629491648,3.9643896514690953,0.04217170702569453,0.1568624290676068,2.7930330298225976,0.37452680813945816,3.719612985360851,0.6186620900461648,0.16525286424493393,0.05916715050327626,0.05870061619136065,0.09821715478348972,28.3203125,41.015625,82.03125,5.57,490.8,19.2,0.2672735774599435,2.014654834679072,3.850263438694114,0.43186604126078365,4.9957053902883874,C1,10.0,mid,875.0
0.17130904564949567,0.6380215087665692,2.715107682806708,0.26009094144596967,3.7243889039694005,0.08382278667417337,0.2849590362143358,2.595787965246214,0.11741032427112459,3.3995414316395487,0.04489055296266178,0.1544731393730267,2.668139391168876,-0.17358630387373156,3.4411057378043766,0.6356448385619157,0.16559645831196412,0.05641261498352786,0.05358967933211576,0.08875520815880932,27.83203125,43.45703125,86.9140625,5.93,522.6,16.6,0.26204426504429557,2.043704969096162,3.7243889039694005,0.4651225059772307,5.628873020992492,C1,10.0,mid,875.0
0.1638890091560462,0.6390222233541111,2.7046760434308004,-0.22244169966713997,3.8991157896724413,0.09239941647121377,0.342215699438619,2.697023152019412,0.03860992685531825,3.703656500311702,0.0423962006622091,0.1647621168585646,2.701685300792882,-0.06891629988545066,3.8862472175585623,0.6213240479609333,0.16360931261839595,0.057779745462714506,0.058257927273548296,0.09902679906852972,29.296875,44.43359375,88.8671875,6.06,533.9,16.3,0.2586884921724174,1.773701776646007,3.8991157896724413,0.44326667684596927,4.99052501049708,C1,10.0,mid,875.0
0.14886052385398763,0.5597706578895039,2.7024569326960575,0.12809617343740068,3.760370065864906,0.09192340665099952,0.3633024690924341,2.7332216814726835,0.2207704967146082,3.952230256998246,0.04807854547641731,0.1847068723052415,2.693652003760714,0.13392297066873773,3.8417732998150047,0.597530526058058,0.15646276650304555,0.05958702988695949,0.06979311056439563,0.11661644730393869,28.3203125,42.48046875,84.47265625,5.75,507.2,11.6,0.3229771347813875,1.619397379594058,3.760370065864906,0.4022891546939757,4.044820990851058,C1,10.0,mid,875.0
0.17480416956005454,0.6544462284694532,2.7360445367273947,0.05215389799988693,3.743882254734296,0.08755496188440422,0.3125544765829185,2.665030658202944,-0.08536934294333946,3.569808836140816,0.04257148480481219,0.1433317085311561,2.642459883696293,0.025455310233647208,3.366847766487914,0.21522660593987228,0.4239017882968332,0.1526531746891024,0.07754636107912577,0.1306719040352126,29.296875,51.26953125,102.5390625,6.96,613.8,13.6,0.24353815422112468,1.9965078597240717,3.743882254734296,0.4782719931219564,3.069511667892068,C1,10.0,mid,875.0
0.16325630110514966,0.6153152075412738,2.7148835560094233,0.059465544621325764,3.7690135288864797,0.08695307621105294,0.3365323347333716,2.756100525573469,-0.13071858730250557,3.87027520356541,0.03808819746721125,0.1328527389672948,2.661466029516744,0.18364532288241273,3.4880290431612813,0.21924281970031376,0.43399606751301156,0.1275381018619763,0.09557170749479246,0.12364214464087496,27.34375,66.89453125,133.30078125,9.09,801.1,14.6,0.23330307748844262,1.87752185683337,3.7690135288864797,0.44322184728529385,2.979916099503821,C1,10.0,high,875.0
0.16610805336210394,0.5870536783280419,2.5749484891937415,-0.038430597155290194,3.5341674677765678,0.10110976644207333,0.3943626577572036,2.663692425360098,0.14865370623086951,3.9003418921270816,0.04162550088497532,0.1537475236615005,2.7134008316247793,-0.06595684437247391,3.6935897561053856,0.2357150859136157,0.4637756283353259,0.15606787494228555,0.053939773229140654,0.09049463537976214,28.3203125,60.05859375,120.60546875,8.2,723.0,13.4,0.25059291251962745,1.6428487495050115,3.5341674677765678,0.42771968104766295,4.84296450538328,C1,10.0,high,875.0
0.15411460492841705,0.553391984861366,2.727607193687009,0.27595715121619246,3.5907822306549386,0.0916240218612207,0.3351159629116144,2.8308189825413868,-0.33077829337067793,3.657512037827823,0.04267071039762148,0.1584389010947004,2.6189460719312767,-0.003971668139646017,3.713059839367755,0.23287913328654158,0.457336418555595,0.13176199891702361,0.08164189822487665,0.09637293449816324,28.3203125,69.3359375,138.18359375,9.42,830.0,7.2,0.2768764869328323,1.6820327442278005,3.5907822306549386,0.42036410505498173,3.877292365383911,C1,10.0,high,875.0
0.15234321407266022,0.544927936549092,2.633343114415994,0.018269013281067448,3.576975448930651,0.09035338775382681,0.3397007073557581,2.7197329268725308,-0.24311181453949715,3.7596897670433,0.04534112684358537,0.1693836845856691,2.739481657586117,0.21265940824031995,3.735762570921473,0.23222142888117847,0.455843231069404,0.13042013201970853,0.08316275567891405,0.09835204336164234,28.3203125,68.84765625,137.6953125,9.37,825.7,15.5,0.2976248539824024,1.6860819263105926,3.576975448930651,0.40117195380624154,3.7906807796803723,C1,10.0,high,875.0
0.14479349886443033,0.5423673801746345,2.6806445122826044,0.05399367410098663,3.7457992549959114,0.09408836180181976,0.3251519139633997,2.5879549007414044,-0.10480874862634725,3.4558143827424037,0.04823856556037165,0.1634375643546048,2.5982098426843763,-0.043307168950563274,3.388109958411989,0.21911168424252098,0.4193733690624493,0.12993151940453096,0.10014520951745834,0.1314364913872476,27.34375,68.359375,136.23046875,9.29,818.8,12.6,0.33315422265979816,1.5389097662196716,3.7457992549959114,0.38813989814513267,2.75706176615268,C1,10.0,high,875.0
0.15384398803590404,0.5581739191026119,2.733470965629788,-0.008744136338049283,3.628181550860119,0.09144961308761218,0.3496887067466522,2.795856772798801,0.2746636548979559,3.823840199429135,0.03930373988868493,0.1492109004328,2.6217627215170207,0.12397790450628977,3.7963537529861378,0.2167301560434522,0.4242587035990563,0.15084496130737396,0.07870211974790942,0.12946182624470562,27.83203125,58.59375,117.1875,7.98,703.3,11.8,0.2554779058347879,1.682281453596919,3.628181550860119,0.4205280745328402,3.079250139047848,C1,10.0,high,875.0
0.15563654274093486,0.5687040230649263,2.808957946916974,0.30639421582905524,3.654052017922062,0.08920053648475726,0.3542584079305612,2.7232364987325717,0.12824977797291096,3.971482929265761,0.04162027040262246,0.1544775477680549,2.636811592873582,0.15561406058834193,3.711594044769142,0.21466162266261002,0.42893726146002953,0.12702042409841507,0.09895566782766625,0.13041566608303962,27.34375,71.2890625,142.578125,9.7,855.4,8.3,0.26741965395557243,1.7447937969244198,3.654052017922062,0.4371765035628323,2.8059255406919865,C1,10.0,high,875.0
0.14146982925592738,0.5119669307310823,2.727507717237866,-0.010429902234041026,3.6189124806597706,0.09150479430942901,0.330489258677462,2.766309177064023,0.2062482972302186,3.6117152240121158,0.041846673281965736,0.1713787036308036,2.666492045003634,-0.11806888669722139,4.095396125661942,0.21909090376919932,0.4376078265246211,0.1300672110531592,0.09386169245589773,0.11936860641197734,28.3203125,72.75390625,145.99609375,9.92,874.8,24.2,0.2957992775000993,1.5460373450765714,3.6189124806597706,0.38586005105186516,3.079762743758727,C1,10.0,high,875.0
0.16148170539607626,0.5614721979467455,2.6133752046723737,0.09845871617607563,3.4770019090991613,0.10384363577753952,0.3700057441763102,2.683900359497881,0.0006853084446847131,3.5631046756583156,0.04247698914682241,0.162678713517062,2.7706761589332443,-0.24202852165816863,3.8298080156943417,0.22095739051308874,0.4363025990115148,0.15361528887761577,0.07095534185498113,0.11815858687765948,28.80859375,65.4296875,131.34765625,8.92,786.7,10.1,0.26304521024617894,1.5550467218040467,3.4770019090991613,0.4220122848903147,3.475471076769831,C1,10.0,high,875.0
0.13900582009555051,0.4777657429212411,2.642391072223978,-0.029682099363651415,3.4370197060298056,0.09596643291761627,0.3921167801552861,2.770170820654287,-0.2217721323258411,4.085978484705213,0.04599167610152223,0.1669972601982948,2.7158061523391828,0.13085897113556375,3.6310322726587376,0.22765437913763928,0.450342738581375,0.1549875536083121,0.06316440995554969,0.10384215967275608,27.83203125,65.4296875,130.37109375,8.89,783.7,10.4,0.33086151407119674,1.448483765306584,3.4370197060298056,0.3673077380076551,4.059703275314154,C1,10.0,high,875.0
0.16437818370712318,0.5522544967997796,2.5352765246465885,0.13561875530561587,3.3596581027062906,0.0918745020157926,0.3177823030015791,2.6233514186897873,0.12532436383411327,3.4588737465695814,0.04264501906806946,0.1610700976427312,2.6131591526376448,-0.180073370695057,3.7769967316847266,0.23127059308017453,0.4607959555760196,0.15886155723136763,0.05585347948428133,0.09321689280323435,27.34375,52.734375,105.95703125,7.2,634.4,21.4,0.25943235352965804,1.7891599965229492,3.3596581027062906,0.41674415031671375,4.642549274119933,C1,10.0,high,875.0
0.15806824301282346,0.6027494076115887,2.8301831910544415,-0.32476269577340916,3.813222669671162,0.09175042753065545,0.3121755299638181,2.5957321243097824,-0.10060737015375631,3.4024422377706602,0.041683636625409186,0.1437670151273353,2.6855659162490575,-0.03037595804995641,3.449003656262058,0.21692973227694573,0.4309249721050742,0.15361075209251027,0.073524820799661,0.1250092887728576,29.296875,55.6640625,111.328125,7.59,669.0,7.1,0.2637065854020251,1.722806609920265,3.813222669671162,0.4473620844144016,3.2631909235998457,C1,10.0,high,875.0
0.16019661771454663,0.5472952659569793,2.5833849876316917,-0.08553235446844662,3.41639713600072,0.08339117170827044,0.3255687564383822,2.797814551194165,0.32401055370001675,3.9041153849873704,0.03925371601304561,0.1488843490185957,2.7315048800479276,0.2472721914281558,3.7928727300395044,0.22812909152421212,0.4549497445799977,0.1544971794984782,0.06116588364482086,0.10125462878222283,27.34375,54.6875,108.88671875,7.42,653.7,13.2,0.24503461167321,1.9210261042375891,3.41639713600072,0.4138495372731329,4.205619265060725,C1,10.0,high,875.0
0.1599148924596985,0.6518212221219502,2.7603326755143516,0.30057358413235785,4.076050779862301,0.08752600255451791,0.3209854993823834,2.722658580246348,-0.2347744991680275,3.667315883442169,0.036931793067233924,0.1316203193838017,2.7715601679004993,0.3322390474159797,3.5638756868421835,0.22123355996847632,0.4382052424774677,0.15431997181342255,0.07046262385485662,0.11577779523101116,27.34375,61.03515625,122.0703125,8.31,732.4,23.3,0.23094655225148225,1.8270558210411956,4.076050779862301,0.4414183029578694,3.540793162315126,C1,10.0,high,875.0
0.14831531605448936,0.5393737408781525,2.6904589108046837,0.24395316612811072,3.636669193894936,0.08682213407277369,0.3044734415572994,2.655259629215504,0.0015636489258171714,3.5068642899527434,0.04334100951982754,0.1648637218359755,2.8187453580581896,-0.34766208818429845,3.8038735982961827,0.22595360040648518,0.45542467265820147,0.1306608205760256,0.08495450269830933,0.10300608581092825,27.83203125,72.75390625,145.01953125,9.88,871.3,14.7,0.29222207572887854,1.7082661885524784,3.636669193894936,0.39903626368761386,3.6251124688897183,C1,10.0,high,875.0
0.17433276513747772,0.5899682442324764,2.5602515169590947,-0.11956259536101792,3.3841500980451444,0.0927013507147665,0.3340542367593654,2.687574998469222,-0.13219574110756444,3.6035530678211956,0.04467149243275216,0.1807672848458377,2.6424038459773014,0.11624489592553237,4.046591573316299,0.6106191606090777,0.18441258117518167,0.034274011201874253,0.06322655327865175,0.10745690662507813,32.2265625,64.453125,72.265625,4.38,386.4,11.6,0.2562426655570139,1.8805849514952975,3.3841500980451444,0.4463357263989009,4.657930781533717,C2,20.0,low,750.0
0.17211646991655502,0.6234675667215519,2.637183556307427,-0.22638147290481095,3.622358551879547,0.08968312792010666,0.3376416501336767,2.803332528484498,-0.36981534331515425,3.7648291040256923,0.043427777104131954,0.1867890409902032,2.7730655331674603,0.19071626364376879,4.301142113314178,0.6308062449239844,0.1896708541685037,0.03203082713165251,0.055084798422332146,0.09240671306402015,27.83203125,56.15234375,71.77734375,3.81,335.7,14.5,0.25231622008740057,1.9191622093052252,3.622358551879547,0.4539027242336209,5.562876743373862,C2,20.0,low,750.0
0.16700036072003727,0.6206483766414663,2.67638128061703,0.027263131107085815,3.7164493176271254,0.08788421622378773,0.3485277690941638,2.729151395349352,0.3302451822601985,3.9657606800142045,0.03933498437105992,0.143167841272544,2.734850012253058,0.1958818496660297,3.639707592660884,0.609655547679485,0.1604018313789539,0.05901584147455376,0.06349937324610792,0.10740738334001347,27.83203125,36.62109375,72.75390625,4.96,437.3,19.5,0.23553831980639775,1.9002315534656276,3.7164493176271254,0.4469566392873993,4.5057164177731055,C2,20.0,low,750.0
0.1943755554091138,0.716331604939477,2.694502974269452,-0.22871756095212983,3.6852967618884547,0.09755016174849987,0.3302184527022005,2.645924661199681,0.003254109656417448,3.385114353306325,0.04791501572335191,0.1759239917222726,2.660384620650193,0.028059356633366426,3.6715837210199247,0.6297985078349354,0.19215261687915244,0.03149468938597161,0.05549711448930955,0.09105518257084608,25.390625,50.78125,71.77734375,3.44,303.3,17.4,0.2465074151042415,1.9925703035761795,3.6852967618884547,0.5237455121751339,5.608585748585707,C2,20.0,low,750.0
0.16477444985621473,0.6400516572104755,2.833935291031807,-0.3160332800758802,3.884410828068287,0.09682418557341277,0.3427680098317021,2.6467211309019554,0.09810430687264478,3.540107337869762,0.04468703886241354,0.1718936321061983,2.765425522891533,0.21065127008631873,3.846610482190145,0.5709765431365301,0.17517302583577218,0.03864787363878036,0.08129001808701009,0.13391183457735478,26.3671875,52.734375,73.2421875,3.6,317.2,19.3,0.2712012627043106,1.7017901971535985,3.884410828068287,0.46696012850787777,3.4672079247199563,C2,20.0,low,750.0
0.17092532205491978,0.6521521142397503,2.643719470844125,-0.05839211450622803,3.8154212986078693,0.09989222683320743,0.3760564445328746,2.7085901463958395,0.09978416321075971,3.76462169734974,0.046318836129144794,0.1606829054711802,2.6061739077770527,-0.010855235799234286,3.4690618093936756,0.6250112190388912,0.18512092489645432,0.03289500532838616,0.059048285976680714,0.09792301419829431,29.296875,59.08203125,71.77734375,4.01,353.6,4.8,0.2709887310568422,1.7110973243225231,3.8154212986078693,0.45187860197689417,5.161020791904608,C2,20.0,low,750.0
0.17254715535727028,0.640588924344512,2.6521100846569063,0.17132201664031038,3.712544104352983,0.09483232656912607,0.3423164095207683,2.658097217683651,-0.01581396630405175,3.6097016903960886,0.049368135069758665,0.1919409253918064,2.810378171344737,0.32121640711697663,3.8879517146148643,0.6239102015356105,0.18597438801483382,0.03340366248048061,0.05858401758292443,0.09811992267382691,32.2265625,64.453125,70.3125,4.38,386.4,20.8,0.28611387401628663,1.8194972284213187,3.712544104352983,0.45761405080187845,5.168246492229168,C2,20.0,low,750.0
0.17846555742739378,0.6856230163238837,2.8443174201505657,0.3206873671517213,3.841766591869245,0.09411240144689334,0.3581479500170351,2.8137158147370407,-0.3356232724949256,3.8055340689519466,0.04447666010511061,0.1584314922719954,2.7414135548584535,0.11431609015117547,3.5621265602583043,0.5830113755409282,0.18012635466464516,0.03796808681516562,0.07550454977171818,0.12338666273087755,26.85546875,53.7109375,74.70703125,3.66,322.3,18.9,0.24921705199730382,1.8963022373634792,3.841766591869245,0.5076126938876173,3.8369605202925374,C2,20.0,low,750.0
0.17525543720476194,0.6396430848591683,2.621806403920965,0.16572726777390454,3.649775978772248,0.09863462393189742,0.3480663642354641,2.7277695414624152,-0.27215265045669207,3.5288456564277833,0.047507307187690175,0.1799274326082637,2.636198618403556,-0.11048145559159311,3.7873633186030267,0.7017820546603326,0.08878594175040365,0.03549247667515428,0.06610941271914465,0.10781434472271022,21.97265625,29.296875,44.43359375,3.02,265.8,16.0,0.2710746550601132,1.776814573001947,3.649775978772248,0.4594858275854134,4.54548595337836,C2,20.0,low,750.0
0.1749809641376361,0.5801256547059453,2.578115685909897,-0.10662259122843457,3.315364374433504,0.09376972347822818,0.3551041425104539,2.6349905350626126,0.05307897635856508,3.7869808008221693,0.04580968592073914,0.1765418232865601,2.692508427560922,0.07261934014061663,3.8538099473551592,0.6262363752666663,0.1873229729645467,0.03302372145032866,0.05794609846600029,0.09546703911931194,30.2734375,60.05859375,72.75390625,4.1,361.8,17.4,0.2617981112774431,1.86607102641466,3.315364374433504,0.4511211683788768,5.30306179142446,C2,20.0,low,750.0
0.16490638890825396,0.580503480136071,2.626453960807425,0.05994503636906009,3.5202000600415513,0.10177172127720187,0.3664323156625295,2.596462103864599,0.06730469221504991,3.600531769178349,0.04558274182608794,0.1653082042030779,2.6610383278445333,0.123815606371136,3.626552453421497,0.6296258307363488,0.18868391856487451,0.0327056976158669,0.05573212430621107,0.09325115325382691,30.2734375,60.05859375,75.1953125,4.09,360.8,13.2,0.2764158631321919,1.6203557023378659,3.5202000600415513,0.4331190383105332,5.492628184203137,C2,20.0,low,750.0
0.1783848785113743,0.6746567358700366,2.6360559718699124,-0.045516059378411244,3.782028731919778,0.09585711541676208,0.3706870687065079,2.7443691731571023,0.22970981102645485,3.867079320036451,0.04764254709147483,0.1812493694702604,2.6666222997533024,-0.0817674896513252,3.804359349685005,0.5855286894776861,0.15486159126233773,0.06054763309416669,0.07543141762211765,0.12361736256353133,27.83203125,33.69140625,66.89453125,4.56,402.2,17.6,0.26707727408877324,1.8609456140611236,3.782028731919778,0.47023252429119705,3.7196423914252374,C2,20.0,low,750.0
0.17131876804082255,0.6454640271089669,2.649367574759999,-0.12676900393571663,3.7676200599058887,0.10065917758061668,0.3717167269766788,2.5985776113236088,-0.11288944014090284,3.6928249953063195,0.04429070886785905,0.1688746332579537,2.7840556878947527,-0.24001678558056852,3.8128681516881957,0.5927432899715573,0.1831496114370866,0.03638377832857464,0.07037828955306792,0.11734235347174445,26.3671875,53.22265625,71.2890625,3.61,318.6,14.7,0.2585280607277381,1.7019686844114683,3.7676200599058887,0.45388638899518485,4.133231640944724,C2,20.0,low,750.0
0.16405683327937753,0.5998395515075475,2.7284450168886014,0.18960256045646823,3.6562911737182073,0.09771903230375871,0.3351023166920676,2.5311042287299843,0.13553749173639842,3.4292430941232115,0.04416773838478669,0.1660616511174563,2.642672352012328,0.15134459846843526,3.759795207776707,0.6045246199304926,0.1596835219090475,0.05739780614425317,0.0665421207695683,0.1118402177208575,26.85546875,35.64453125,70.80078125,4.84,426.2,8.3,0.26922218052064956,1.6788626474462864,3.6562911737182073,0.4476200492476417,4.284102049040897,C2,20.0,low,750.0
0.1868424341013145,0.718715785897281,2.7435147708298273,0.2775512274647581,3.846641098175592,0.09883670681295306,0.3577926399252303,2.6312677222747016,0.0714319957853089,3.620038055318328,0.044716328098813866,0.1599744794759958,2.6027272422906425,-0.09657050530833954,3.5775406049102507,0.623768920917299,0.18871467570181316,0.03329405180623464,0.05849443361798829,0.09572320130618768,30.76171875,61.5234375,70.3125,4.17,367.7,14.0,0.23932640523494056,1.8904154147396968,3.846641098175592,0.5126049777747549,5.268422103727535,C2,20.0,low,750.0
0.16053986812672683,0.575004107554066,2.641816254552806,0.008088367456000363,3.581690419106173,0.09593797709198908,0.3411850867770974,2.639290287106241,0.028767074140403484,3.5563089520842808,0.043357971497713955,0.1570992176411252,2.68381384763306,-0.1786933656894578,3.6233064466451856,0.6217424656859787,0.16042655857993035,0.058058519160968186,0.05871068957483461,0.10104718968258082,27.34375,49.31640625,98.14453125,6.68,589.2,5.1,0.2700760378318492,1.6733714113316662,3.581690419106173,0.42411683312095083,4.895965243790024,C2,20.0,mid,750.0
0.17255309219393797,0.5995535616126194,2.6682497556911953,-0.09846100303072108,3.4746034046075622,0.09963720526229707,0.3414691761613002,2.6085814228677267,0.11964221560879768,3.427125191462118,0.045921570112458496,0.1729905870353911,2.7805640302423904,-0.3032822820571019,3.7670878110602506,0.6194969084004428,0.16182370076363503,0.05844291722015865,0.06052964706823425,0.09970631673410293,27.34375,46.875,93.75,6.39,563.2,12.0,0.2661300909104878,1.7318138514592845,3.4746034046075622,0.46041474609023525,4.876062717904541,C2,20.0,mid,750.0
0.17750610793949445,0.6420624899839259,2.6722660636427586,-0.08432827857577248,3.6171289959373243,0.09037199701401512,0.327788171705534,2.8242341670271656,0.3321884223810561,3.627098908245878,0.04465356849044183,0.1523552158546463,2.6147115251635644,0.22310867910536328,3.411938194531041,0.6005456518811342,0.15644945969512247,0.05906324433242227,0.06906790075490635,0.11486988289635222,27.83203125,42.48046875,84.47265625,5.75,507.0,10.0,0.25156074350783836,1.9641715775293354,3.6171289959373243,0.47434354833601944,4.1154954493281295,C2,20.0,mid,750.0
0.17657359713814139,0.6857917010003637,2.822262461964201,0.33710098972902025,3.883885881669151,0.10209956315896461,0.365815807240844,2.698704022854041,-0.1731029334926689,3.5829321489973918,0.04465154128778232,0.1798160797188487,2.824203291163955,-0.3052272608104613,4.02709681531308,0.5887880057158057,0.1570122279657052,0.05982898011516839,0.07248111118449851,0.12188613776481946,28.3203125,42.96875,86.42578125,5.88,518.5,12.3,0.2528777915355569,1.7294255888560848,3.883885881669151,0.4983370349769659,3.8370673954230896,C2,20.0,mid,750.0
0.18289894459425762,0.7763147023045789,2.8393969056085893,0.3239234221074854,4.244500721569239,0.09882706536979911,0.3500490353686031,2.6240862250037513,0.10704095101574793,3.542036121974899,0.04936300617485157,0.1705669214453538,2.734991351593225,0.006371530809571888,3.4553592794000187,0.5658567761248203,0.15424133942382942,0.062476310690040775,0.0825614061306284,0.13485057454377208,28.3203125,49.8046875,99.609375,6.78,597.5,13.1,0.26989224177514143,1.8506969109107059,4.244500721569239,0.5193226973200119,3.3121363105885124,C2,20.0,mid,750.0
0.1716002252172303,0.6355369408223323,2.627718461692502,-0.092294008682496,3.703590365442704,0.0934733513423594,0.3435349756711452,2.670097211252231,0.0655468446132552,3.675218345525022,0.044815097548719,0.1559329735993043,2.6204219710777013,-0.032843359949823715,3.479474153320492,0.5814662040203367,0.1513359363923942,0.06267585682715068,0.07751392541848298,0.12700731928819756,27.83203125,41.015625,82.03125,5.59,492.5,23.8,0.26115989936485895,1.8358197577480684,3.703590365442704,0.4509170798339073,3.5830123245323393,C2,20.0,mid,750.0
0.1842300707510587,0.732457074832133,2.7149714042183017,-0.14794659360362436,3.975773726005171,0.10370785692073582,0.3568851479738937,2.6246852322248926,0.03634121373115505,3.4412546799290427,0.043221446596691505,0.1466256603043714,2.6093216213865187,0.11477090155705284,3.392428339397489,0.6021540409389622,0.16010195120939136,0.058681934308439876,0.06803719734378451,0.11102454022585714,28.80859375,38.57421875,77.63671875,5.28,465.4,22.4,0.2346058188030258,1.7764331095171142,3.975773726005171,0.5001793738862389,4.256945132412182,C2,20.0,mid,750.0
0.17614222917131306,0.6559577715783715,2.7602711488733496,0.2610625031140055,3.7240233342363216,0.10180039896952944,0.3840506342689466,2.795412028261309,-0.3267398084551391,3.7725847654477205,0.046925295473436324,0.1656366129164222,2.7190233367496255,0.04819954333862439,3.529793712437815,0.5714080606563443,0.1534063733370539,0.06189073669519576,0.08053782847745887,0.13275645955697546,27.83203125,40.52734375,81.54296875,5.54,488.5,15.6,0.2664057091488126,1.7302705191168786,3.7240233342363216,0.4862003132798131,3.3981896124493676,C2,20.0,mid,750.0
0.17683763202399566,0.6117211219740926,2.644112003327153,-0.061614460914044565,3.4592247983228264,0.09581264264381423,0.369473034773232,2.6208368374210087,-0.1274795969314302,3.8562033629189916,0.041461935612037135,0.1488159515270039,2.7148881060243664,-0.18360321003420466,3.589218624993474,0.6211878931694362,0.16352272992840114,0.05775705256195008,0.05927360762111764,0.09825527568201906,28.80859375,49.31640625,98.6328125,6.72,592.7,11.6,0.23446330476994304,1.8456607306135344,3.4592247983228264,0.46757850547459706,4.9813761555574505,C2,20.0,mid,750.0
0.172857231317442,0.6877691213960413,2.83324297278099,0.32575940887115545,3.9788275917308566,0.10373009590675392,0.4010209211464923,2.661401950733328,0.23361742473231795,3.8660035705257805,0.04343459966172118,0.1691450084130245,2.7912201225946514,0.37876484214320943,3.8942458254563266,0.5729827450893199,0.15191487171433427,0.06046115133736418,0.08027721763505481,0.13434883287862034,28.3203125,39.55078125,79.1015625,5.38,473.8,11.6,0.25127441490692476,1.6664134917298112,3.9788275917308566,0.48974653592452055,3.3774912927332017,C2,20.0,mid,750.0
0.19213680833488567,0.7104817107196855,2.653681259676928,-0.1236397206213197,3.697790740238322,0.09564855735245008,0.3565733564877387,2.7527931141400646,0.2616938901695728,3.7279533153210167,0.047628440528932496,0.185390122275055,2.6732634275915217,0.003783050660112639,3.8924247826765908,0.6325423716761827,0.16112498498245964,0.05733991216489845,0.055803078848117464,0.09318813618016897,27.83203125,37.109375,74.70703125,5.08,447.9,13.2,0.2478881633441017,2.008778947150153,3.697790740238322,0.5098698475724239,5.326940628734131,C2,20.0,mid,750.0
0.17953129900183917,0.603589569607253,2.6264965637699067,-0.09515932791339565,3.3620297572796463,0.09232745052683508,0.342537803867945,2.7291678068920633,0.2569944046479989,3.710032085943779,0.04344893815434579,0.1595572500640758,2.613495616561546,-0.09112243710233803,3.6722934286051543,0.6113290771814073,0.16076999310820209,0.05764954403414296,0.06331136642078955,0.10693535972145954,26.85546875,45.41015625,91.30859375,6.21,547.3,23.8,0.24201316648358173,1.944506189409597,3.3620297572796463,0.4715383399174783,4.535177197149063,C2,20.0,mid,750.0
0.16970277463004446,0.6226486151318746,2.629191714198177,0.12785949004976319,3.669053829492543,0.09419712554961415,0.3506216267236912,2.750563547009967,0.03243278506361952,3.722211529045192,0.04576747148951475,0.169374059453562,2.712399232183062,-0.06773126650157521,3.7007519520138947,0.5947994305041298,0.15509653915836927,0.06003723769655975,0.07132259057935021,0.11871898999422292,27.34375,39.0625,78.125,5.31,467.7,12.9,0.26969194575214683,1.8015706279769765,3.669053829492543,0.4461811289337535,3.945957339437001,C2,20.0,mid,750.0
0.17232039198174037,0.6522914617720765,2.7172342303248227,-0.16046882655873446,3.785341097884663,0.0909852845759376,0.3235707312103029,2.6601251599154354,-0.17276380680443046,3.556297402578833,0.045034756423691126,0.1707567976330817,2.8310848759857996,-0.2750789162697312,3.7916669522221027,0.21653703676175654,0.4153932562145123,0.15412578337830726,0.08043780559954096,0.13350529673495243,27.34375,50.29296875,101.07421875,6.87,605.1,6.9,0.26134316377636346,1.8939369457917048,3.785341097884663,0.46823486767577605,2.9537306231460807,C2,20.0,mid,750.0
0.1580743290348604,0.5689808691911533,2.6188028246740362,0.04093910827965418,3.5994514268390474,0.09524340379164563,0.3866969019376314,2.710040543652898,-0.04426742136396745,4.0600911616259445,0.04808647098087717,0.1705090346842453,2.6848270685805375,-0.023959683151907173,3.5458837216823964,0.633472360725485,0.16492245105372078,0.056958294373517016,0.053710085839047884,0.09093044658944711,27.83203125,40.52734375,81.0546875,5.51,485.8,9.2,0.3042016453555376,1.6596879441715842,3.5994514268390474,0.4139654993849455,5.519855315617722,C2,20.0,mid,750.0
0.1640115171226195,0.6267087106921158,2.7352905082901264,0.1102284812724283,3.82112623361426,0.09671195317015585,0.3555273206559128,2.7999273694329565,0.12331063724083945,3.676146629263034,0.04538241428108875,0.1749838625472198,2.831734842791981,-0.3119287103627106,3.8557636326575313,0.21450996041978365,0.4179790895920441,0.1513129587513225,0.08165125936177577,0.134535322346845,27.83203125,59.5703125,119.140625,8.11,715.1,14.3,0.2767026064831753,1.6958763808032726,3.82112623361426,0.44861914603576464,2.9256628464772394,C2,20.0,high,750.0
0.1795358931928161,0.6214541253809575,2.6127815040944813,-0.15402757635802444,3.4614478159725675,0.09403095073581123,0.3141962565515642,2.601929711709217,-0.12197942632747183,3.3414131633564783,0.042242328723514605,0.163756927937356,2.7718230989939,-0.20927196983711957,3.8766074903015255,0.22813143078294712,0.4513917129443761,0.15317754017859017,0.06306795306509677,0.10423000608510345,28.3203125,52.24609375,104.4921875,7.1,626.1,16.6,0.2352862593227953,1.9093276393348293,3.4614478159725675,0.4690880610552722,4.061753933992984,C2,20.0,high,750.0
0.17903629485032535,0.6397011226105916,2.6626197522427955,0.12328046184479022,3.5730248056428047,0.10516327049087905,0.3943960325641604,2.76382672433032,0.10139628742067111,3.7503211028261707,0.0470319961414493,0.1856557698611909,2.6844166427896585,0.012208222755716598,3.9474354714358477,0.23295963728025154,0.45710558128608336,0.15457527613910788,0.05801772594760042,0.09733878600091866,29.296875,59.08203125,118.65234375,8.06,710.5,17.7,0.2626953165042213,1.7024603173201371,3.5730248056428047,0.47670557503684136,4.441817146326018,C2,20.0,high,750.0
0.1697390134166575,0.6529930984088683,2.798429710810134,-0.2916649889725698,3.8470419101940307,0.10022072164302692,0.3771505398091127,2.754593255532352,0.3340151620175515,3.7631992029799335,0.046048960962634,0.1743880713648601,2.721621143598698,-0.1217851667102994,3.7870142500362967,0.21337804142376454,0.4197158625165437,0.1529300358040542,0.07960118134107615,0.13436260931256586,27.34375,63.4765625,127.44140625,8.67,763.8,7.4,0.27129273368402257,1.693651877914486,3.8470419101940307,0.47500269822877433,2.95888337931506,C2,20.0,high,750.0
0.17350001364129436,0.7182612322722195,2.7372926091086627,-0.15192734934163044,4.139833866279695,0.10208974931941055,0.3667043322417773,2.6925737852280367,0.0088367951569829,3.591979945944044,0.04898656966563429,0.1795343042205034,2.7023112100848916,-0.102393615085814,3.664969918202962,0.22364591147176474,0.4322737101713751,0.12844438564432595,0.09607719122423274,0.11953243031972517,27.83203125,69.3359375,138.671875,9.44,832.0,18.0,0.2823433188132909,1.6994851569128735,4.139833866279695,0.4749203050205672,3.0421630395998482,C2,20.0,high,750.0
0.19984010250279355,0.8406527076269108,2.8061441946277563,0.35869220553597,4.2066266835264425,0.09227039053272768,0.3343264655519949,2.6308181326968674,0.1561810183541434,3.6233342421305954,0.041616232287209516,0.1633925118574349,2.700929642604177,-0.026544009470396587,3.92617262249501,0.22504146362039043,0.4432135915041726,0.15504244888473007,0.06645707722317853,0.11024345816789254,27.83203125,58.10546875,116.69921875,7.93,699.3,19.1,0.20824765282847954,2.1658096530101023,4.2066266835264425,0.5607801434920299,3.7818507660182847,C2,20.0,high,750.0
0.18321188514368636,0.6946043693733805,2.78486458260403,0.3141692493010206,3.7912626073828553,0.09921781091458393,0.3658470526510001,2.624753440643649,-0.0379217714770293,3.6873122807149596,0.04726577980119393,0.1746592837205762,2.729991963897697,0.054725534829522374,3.69525869360912,0.22704842945064016,0.4471412413453919,0.15411166664368756,0.06476227578380371,0.10693629390883883,26.3671875,55.6640625,111.328125,7.57,667.7,16.5,0.2579842446581733,1.8465624614658398,3.7912626073828553,0.5102202900487697,3.926588742136283,C2,20.0,high,750.0
0.18598019336391206,0.6879628581914743,2.7857337008508662,0.20622273267624983,3.69911895319584,0.10197800568819387,0.363931727701137,2.7511475957054112,-0.3086372298963386,3.568727641270885,0.0443255118934057,0.1946092237816788,2.774743934861758,-0.22938813705408892,4.390456318918018,0.21447968162845538,0.41885755583318734,0.14864508672700802,0.08240446115587179,0.13561088138625194,27.34375,64.453125,129.39453125,8.8,775.9,23.3,0.23833458333206953,1.8237284805565013,3.69911895319584,0.5180912923446105,2.9050122348122027,C2,20.0,high,750.0
0.18121785826297254,0.7086417474087975,2.8015783187782044,0.32680406031678505,3.9104410249703916,0.09521173659819457,0.3461114983849184,2.6117417841816613,-0.07888208687827016,3.6351768253692525,0.04292838375720389,0.168091326700172,2.6946499379210915,0.18819632958141905,3.915622066064024,0.22685199795571923,0.4409936140963718,0.15524109410327802,0.06592165269178188,0.11098437333305929,28.3203125,52.734375,105.46875,7.17,632.5,11.3,0.23688826348951095,1.9033142839073984,3.9104410249703916,0.5076960226849655,3.7751433744733602,C2,20.0,high,750.0
0.18493497834094597,0.7483843125926796,2.79301709624035,-0.3543517912840519,4.046742910975764,0.09332778946840876,0.3301036770707337,2.717819885872081,-0.21166825353497046,3.5370352062444703,0.04279326808790332,0.1442393462241711,2.6420654666994015,-0.010658604823115463,3.3706083379255687,0.22869776496851013,0.45596447245861205,0.1265063172058749,0.08538480410944499,0.10339319839236777,27.83203125,70.3125,141.11328125,9.6,846.4,14.8,0.2313962911278454,1.9815638985379165,4.046742910975764,0.5165265561991009,3.6268115371151235,C2,20.0,high,750.0
0.19267077881371183,0.6676991760167671,2.659167849792628,-0.036489649243945786,3.465492692393938,0.09242694338509948,0.3382181975438159,2.7215521836515877,0.03524072766747507,3.6593030685286236,0.044459022353725564,0.1588313108163475,2.5387909092648377,0.09695120627064867,3.5725326920743186,0.21652953735026478,0.42375462966190486,0.14954545550690337,0.07843155765533237,0.1317219760212992,28.3203125,62.5,125.0,8.5,749.5,8.5,0.23075124638755828,2.0845737374538458,3.465492692393938,0.5123439406159291,3.0467447099766147,C2,20.0,high,750.0
0.16576456372423873,0.5861577000273387,2.7181314704022017,-0.1578252084965519,3.5360856799433575,0.09051038540497665,0.3325226332702681,2.7574605207337153,-0.21209243179655934,3.6738616434173816,0.046135045744388266,0.1678751761028565,2.5957206722113635,-0.11960436703028486,3.638777709964151,0.217225006570255,0.4239216664560033,0.15200248671997238,0.07801941031641764,0.12883141623691677,27.34375,53.7109375,107.421875,7.31,644.2,13.6,0.2783166963304487,1.831442469088462,3.5360856799433575,0.45056987733634446,3.0995606046608906,C2,20.0,high,750.0
0.17051714823111633,0.6305478416747458,2.656704452807493,0.09886157434778284,3.6978558943532818,0.1075424747574259,0.4295113368961801,2.8035647356788926,0.2947710592128888,3.993876260193854,0.044789612002174295,0.1617534259622174,2.6512687071527554,-0.002587933191503337,3.611404938144254,0.21198405015311853,0.4199688126739621,0.1503039625887216,0.08177227291547837,0.1359670204703194,27.83203125,62.5,124.51171875,8.49,748.0,11.9,0.26266925330857127,1.5855795453446357,3.6978558943532818,0.45301366698564205,2.9023372538798746,C2,20.0,high,750.0
0.18581010724697206,0.6670874245261041,2.7757153339806564,-0.2563305410777802,3.5901568241357062,0.09174238895096493,0.3259524035976157,2.81786353139863,0.3553047811924295,3.552909481917163,0.046479825607131785,0.1598680720241163,2.633370374915311,0.052777260959698716,3.439515315212078,0.21607226255508058,0.42701126621505425,0.12832587997923883,0.09897422896887291,0.12961446504700086,27.34375,69.82421875,139.6484375,9.52,839.3,12.8,0.25014691770966196,2.0253462916284537,3.5901568241357062,0.5157559638940106,2.813277933708644,C2,20.0,high,750.0
0.18181976267794947,0.7574098178824266,2.7936168434594557,0.3668948517993805,4.165717778567329,0.09738580438844625,0.3678489575058201,2.6892456258975646,0.20425689764245963,3.7772338567802732,0.04826832271553865,0.1788063983420361,2.7322191862187704,-0.02541331357124354,3.7044253515043795,0.23248188716599127,0.45381038907009225,0.15420656407687772,0.05997068261178772,0.09953044589835393,27.83203125,64.94140625,129.39453125,8.82,777.7,19.5,0.26547346671568656,1.8670047839079138,4.165717778567329,0.5079347514909206,4.302742448574253,C2,20.0,high,750.0
0.17558111604616664,0.6576820614417594,2.7520975818339912,0.1694491383644618,3.745744851449919,0.11058756141096925,0.4091904982323429,2.705782001458849,-0.062076858361224604,3.700149393037932,0.04543437410401429,0.1543969520746203,2.58309519055738,-0.10595113498045933,3.3982409820624944,0.5759407108443853,0.1624397729180023,0.06065349792358672,0.074511468683841,0.12645433960001862,27.83203125,34.66796875,68.84765625,4.69,413.4,16.2,0.25876572109308127,1.587711256184284,3.745744851449919,0.4832163648863686,3.6741597492019236,C3,30.0,low,625.0
0.20491095778200685,0.7261888710617709,2.6362232513694046,0.07067997048799253,3.543924048387505,0.09866048052266242,0.3848242576621862,2.7190049424228633,-0.04550642291601866,3.900490405312709,0.047347857895731746,0.1628566650701858,2.687597153381639,-0.08493014063009754,3.4395783105716133,0.5786689716078768,0.17918665892992244,0.0380434466116416,0.07608958596959695,0.12801121594730178,31.73828125,63.4765625,95.21484375,4.32,380.9,27.5,0.23106552430496394,2.0769304659421213,3.543924048387505,0.5401910313653009,3.713143816291159,C3,30.0,low,625.0
0.19759973497459374,0.7528441209394285,2.6943872951011683,0.004320120709166719,3.809944993277572,0.09832644331630107,0.3565088799458403,2.6656599257175504,-0.0315498422374328,3.62576808355618,0.047470312079980724,0.160911149069205,2.6656538621515415,-0.10624966824140678,3.3897217443629315,0.6245412205068988,0.1634265384886888,0.05660670819051585,0.05836798618598197,0.0970568757016906,27.83203125,34.1796875,68.84765625,4.68,412.6,15.7,0.2402346950823805,2.0096296409191345,3.809944993277572,0.5324102154309034,5.069766505985776,C3,30.0,low,625.0
0.18959192930859092,0.6586315044576678,2.63197023248531,0.12541283252232938,3.473942729838677,0.09932733435310392,0.3543422070326897,2.6270499832741567,0.03073869010542922,3.5674188715567468,0.04436374554402551,0.1524569487488159,2.648935332389865,-0.005030290075034297,3.43652112505968,0.5766968161140217,0.1784416833373075,0.039126071301283746,0.0783357179804595,0.12736462431797693,25.87890625,51.7578125,71.2890625,3.53,311.0,9.1,0.23399596019626173,1.9087588582071546,3.473942729838677,0.4990003142596705,3.671060976436057,C3,30.0,low,625.0
0.187875939449647,0.7634341223104093,2.7224034843741296,-0.05102038729817403,4.063501289983003,0.10438862911692562,0.3667295290960366,2.6142309124609646,0.05599255667337448,3.513117589515072,0.04530380536341559,0.1676449842577851,2.6934785781580137,-0.27191798291533165,3.7004614273123355,0.5782049210843933,0.17705807605017768,0.037770431592070934,0.07839643659990256,0.1285584682515439,30.76171875,61.03515625,67.87109375,4.16,366.7,17.2,0.24113681345320725,1.799773989168948,4.063501289983003,0.511474112187782,3.6494085398783054,C3,30.0,low,625.0
0.19032086695365807,0.7318268976637622,2.7050691123743067,0.07919569521477131,3.8452267971328515,0.10028353013180782,0.3738342261842989,2.760682390170446,0.25174866100789095,3.727772902419263,0.04332093587538433,0.1458059367614422,2.5248431126769426,0.1176226515307854,3.3657153017391654,0.6919025742869397,0.08968486969818598,0.036021258343012216,0.06893665387998109,0.11345396741572285,23.92578125,47.36328125,70.80078125,3.23,285.0,21.6,0.22762052616086867,1.8978277559985126,3.8452267971328515,0.5148310986366403,4.285239221363052,C3,30.0,low,625.0
0.19550738583513683,0.7479889885147342,2.6703084270641937,0.12060870968953034,3.8258860928429677,0.10442007920681286,0.3956479778422166,2.8090211602581023,-0.3321885226273566,3.7890028512485814,0.049120744224180654,0.1662369069592214,2.6351011614675364,-0.06807816306818927,3.384250576508733,0.5736437664157016,0.17371082001532182,0.039250855723426764,0.08045983148993087,0.13292645446030665,25.390625,50.78125,68.84765625,3.45,304.2,8.3,0.25124751177227705,1.87231600780457,3.8258860928429677,0.5220650199488567,3.502355285406248,C3,30.0,low,625.0
0.19418224973852924,0.6946295189368424,2.798081256041426,0.3247357471829627,3.5772039919826693,0.10407186659998863,0.3993028425039329,2.6755232013586525,0.012197033726458846,3.836799084604643,0.044291245811928046,0.1702695901556158,2.8157635873498674,-0.3638605273435439,3.8443170209892945,0.5920832525027255,0.18424094784282322,0.035868600700101005,0.07147046324857075,0.11632679878433505,32.2265625,64.453125,71.2890625,4.4,387.6,13.1,0.2280911147726798,1.8658476693311319,3.5772039919826693,0.5433377132493338,4.133841952442956,C3,30.0,low,625.0
0.20107994438655113,0.7153310202972739,2.71386253142748,-0.07724531076500078,3.557445882927733,0.10354109101632952,0.4150657687282678,2.6313778138803534,-0.020587497263246646,4.008705767479382,0.04827061352585406,0.1832750693733517,2.7764507168975734,-0.3281900081125457,3.7968249414354007,0.6141109601631327,0.18558181803234916,0.03438037164834515,0.06161920379150279,0.1043055326621183,27.34375,32.71484375,65.4296875,4.46,392.9,1.7,0.24005682751264254,1.9420303805263044,3.557445882927733,0.5457033268921826,4.819611561769816,C3,30.0,low,625.0
0.19960224905632987,0.6997830804068778,2.6316284026693024,0.03152626797420982,3.505887752844867,0.09962105019577187,0.3557580741792487,2.649255544716493,0.0933289058328192,3.5711134692931377,0.04393224065166045,0.1592617724320863,2.635316232102927,0.24362775331493752,3.62516844280436,0.7348096775409804,0.09095596411445732,0.03180168931194124,0.053117337004681485,0.08930549658122616,24.90234375,49.8046875,69.82421875,3.38,297.7,16.5,0.22009892603596018,2.0036151863896072,3.505887752844867,0.5252789478533096,5.797986326099503,C3,30.0,low,625.0
0.18437638312117288,0.7264824753851201,2.7811066385868815,-0.274941977896699,3.9402143760878148,0.10436139058284295,0.3728916700355697,2.6203084914452535,-0.024815722479377852,3.5730806953895957,0.04573557977555496,0.1621927791805003,2.718983011861611,0.038979623277958585,3.546315144061869,0.6025350209188388,0.15859604441379735,0.05856447609621411,0.06788795954167393,0.11241216184989425,27.83203125,33.69140625,67.3828125,4.58,403.4,9.8,0.24805552100182676,1.7667106780722068,3.9402143760878148,0.5127703830969321,4.221467292745987,C3,30.0,low,625.0
0.1971825104236169,0.7238174966107351,2.7865571828793874,-0.26474688747050124,3.670799682262501,0.0925009742675299,0.327464779204401,2.7008029771359805,-0.25825203746528635,3.5401224884109044,0.04462973834389692,0.1569821352862243,2.6350226206200404,-0.07679997367705575,3.517433467267716,0.6781661481887521,0.08758360355447073,0.03805952155920697,0.07304071066513479,0.12314977529023709,23.4375,28.3203125,47.36328125,3.22,283.9,15.6,0.226337205302928,2.1316803632070798,3.670799682262501,0.5494603407591193,3.903093200540879,C3,30.0,low,625.0
0.2007052618579236,0.7595573794897915,2.662086424292777,0.032601846331260335,3.784441785225698,0.09598976560378542,0.3724075358795705,2.6155933629835713,0.14524177415957706,3.8796587692145,0.04609664646999077,0.1626523368303207,2.7430318204137856,-0.24485914332669415,3.5285069367509956,0.603682374853073,0.18459176251822546,0.03536524156792671,0.0669282372916065,0.1094282707604254,27.34375,32.71484375,65.4296875,4.44,391.4,17.0,0.22967333314171867,2.090902718591581,3.784441785225698,0.5342947528761053,4.469776284857758,C3,30.0,low,625.0
0.2090477825285148,0.7813086929774614,2.710581615266345,0.2103239936195475,3.7374646290299127,0.10242068874328322,0.37341784845146,2.5936832275863293,-0.14654455728700877,3.645922059628298,0.04889561071891491,0.1843238822054727,2.790326058144725,0.267366036737193,3.7697429175205768,0.6040438865432114,0.18183928047914769,0.03604601224251976,0.0674378656202275,0.11061988351541129,30.2734375,60.05859375,68.84765625,4.1,361.7,16.3,0.2338968159695518,2.041069876541171,3.7374646290299127,0.5666410760339893,4.413642039379584,C3,30.0,low,625.0
0.21707845157519795,0.8154435668445945,2.6582912852327647,-0.04713979661857256,3.7564463949666487,0.09496954446351824,0.3475246045040426,2.753380101517664,-0.0965101828392043,3.6593268554377585,0.04649923380924578,0.1662264208794553,2.674560068384609,-0.1470428502499334,3.5748206424511726,0.6632308966387478,0.08770687700729696,0.03940129480400086,0.07955958309689588,0.13007264987441802,24.90234375,49.8046875,74.70703125,3.4,299.6,13.5,0.2142047424414119,2.285769114735375,3.7564463949666487,0.5770577560341714,3.5821675083182614,C3,30.0,low,625.0
0.17953635754179637,0.6490448326792772,2.6262099115877855,0.17791189535236235,3.6151164118843084,0.1000483099558028,0.3614011221046207,2.78682999275806,-0.18531931019936765,3.612266136872005,0.041671685311450594,0.1466655742077027,2.6238107424343915,-0.1174474491358181,3.519549860091734,0.6207580652387653,0.16098495633890061,0.05812308627085803,0.06055246200810033,0.09956054702607184,26.85546875,43.45703125,87.40234375,5.95,524.3,14.5,0.23210722263733882,1.7944966548771097,3.6151164118843084,0.47150016166663405,4.8824453821289575,C3,30.0,mid,625.0
0.19328188660560428,0.7139149036364453,2.651029702464622,-0.14494796875717175,3.693646187825161,0.1002597107188424,0.3786089630296795,2.6350286240256398,0.18654195749906122,3.776282220596167,0.04816058751411856,0.1816545047029906,2.7369732250506,0.08376421293866401,3.771849848171755,0.6108520952500378,0.16365158482624043,0.05899140758937625,0.06192478513729581,0.10457511992812693,28.3203125,45.41015625,90.8203125,6.18,544.5,22.8,0.2491727929601145,1.9278121313118817,3.693646187825161,0.5123960223398559,4.651676406493762,C3,30.0,mid,625.0
0.19978025416355819,0.7050990882855643,2.725736514291348,0.021151380556215082,3.5293732668309974,0.10441672861358875,0.3654953616160812,2.7088266501837466,-0.00860474877423998,3.500352543783064,0.04798710037047983,0.18674884880183,2.7890781098136426,-0.31091095067253194,3.89164686676322,0.5819520009186991,0.15400737821013963,0.0611415763133279,0.07524249439530026,0.1276559105196233,27.34375,38.57421875,77.1484375,5.27,464.2,14.8,0.24019941596026428,1.913297388418266,3.5293732668309974,0.5445483336080167,3.627230975213584,C3,30.0,mid,625.0
0.20697320788970391,0.7798307494056954,2.6035203318586126,0.1048762657680832,3.7677859726717258,0.09305151782999437,0.3573289287034324,2.58151397726643,0.12164079511570663,3.840119291297046,0.045726550812433396,0.1781435760682228,2.75796586233605,0.12742515402538626,3.895845474961654,0.5966025503902475,0.15750709764403445,0.05911384414400342,0.0704250244720402,0.11635056263092106,27.83203125,43.9453125,87.890625,5.98,527.2,18.3,0.22092980670619497,2.22428620957957,3.7677859726717258,0.5388589548908436,4.037517213738292,C3,30.0,mid,625.0
0.20140407353669038,0.7702524575025855,2.723016754363684,-0.2537731417899512,3.824413498579344,0.09850639749818049,0.345098945531712,2.580582945788656,-0.06157368230573327,3.503315056649862,0.04771032825484144,0.1885676224231217,2.69675255923711,0.18977024472642787,3.952343849237437,0.6283254478158743,0.16400734737239514,0.05711170678115166,0.055315719726197046,0.09523440129806217,27.34375,42.48046875,84.47265625,5.76,507.6,18.2,0.2368885962286652,2.0445786126775216,3.824413498579344,0.5484266666375033,5.2629170258893065,C3,30.0,mid,625.0
0.19100048978287804,0.7168448685226554,2.684958644174356,-0.027697667709108108,3.7531048707651844,0.10757385526371634,0.3944099828481563,2.6847430621304498,-0.12289414858336306,3.666411154283388,0.04329684687282221,0.1548300544821663,2.6293707534836033,0.11079031104680974,3.576012242576362,0.6006539733788673,0.15954318637987394,0.059160971205517124,0.06769782781732343,0.11293016035480186,27.34375,44.43359375,88.8671875,6.04,532.3,19.9,0.22668448087248566,1.7755289081593484,3.7531048707651844,0.5128284160840741,4.2086343730647595,C3,30.0,mid,625.0
0.17599660400856335,0.6370827450488408,2.7439832888249107,-0.20228161570107175,3.6198581707738104,0.10282564631749054,0.3732746088165094,2.598937155882001,-0.00887082330160313,3.6301703143587805,0.04785561941951855,0.179365679465629,2.7111621408658415,-0.22886296595216266,3.7480588829756605,0.5782510654619993,0.15677388979150855,0.05962940314560129,0.07758178114960237,0.12775988109959718,26.3671875,47.8515625,95.703125,6.52,574.4,8.0,0.2719121751757782,1.7116022151238985,3.6198581707738104,0.4829317402894331,3.5795217940794335,C3,30.0,mid,625.0
0.17944846880139886,0.6315570635177875,2.7628103339100405,0.004118679992483199,3.5194341179737294,0.0927390708714098,0.3370043356432117,2.5668945294399013,-0.13961896574470553,3.6338981238069055,0.045816186703174146,0.1719319022239685,2.7595166849419686,0.34325001585178194,3.7526453988379846,0.5711213622838299,0.1540514497307729,0.06225258761623457,0.0789281712487086,0.13364458341847624,26.85546875,43.45703125,87.40234375,5.95,524.3,19.4,0.2553166767551543,1.9349823878462038,3.5194341179737294,0.4957820840088383,3.4114099577341026,C3,30.0,mid,625.0
0.1949269384527583,0.7332560143672219,2.692505795042367,0.01633965270414984,3.7616966653633193,0.09888255899684187,0.3694992057263998,2.7518708686165065,0.12997341518282884,3.7367480117317853,0.04836725730952019,0.1724240306508922,2.656818084011957,-0.05292090594059374,3.564891627976469,0.6016904618496669,0.15785605018046767,0.058947525209541274,0.06732603272947973,0.1141686721105185,27.34375,38.0859375,76.171875,5.19,457.2,9.9,0.24813018505003753,1.9712974707600752,3.7616966653633193,0.5248419113939186,4.184951360976256,C3,30.0,mid,625.0
0.18760884742612796,0.7004972666256816,2.702422998073947,-0.030637125001234822,3.733817867526244,0.09702996710189858,0.3396040903759962,2.6343699433066043,0.0725211611890014,3.499991812007439,0.04494166085576509,0.16572378186731,2.566166028066734,-0.11707423444493392,3.687531317526976,0.5920051207826768,0.15691704388898697,0.059835829508955204,0.07102343575545654,0.12021854251410369,27.34375,40.0390625,80.078125,5.45,480.2,12.7,0.23954979454506337,1.9335144907253816,3.733817867526244,0.5069984639265144,3.916097142731078,C3,30.0,mid,625.0
0.20514352146244103,0.7373215023604022,2.690832867252872,-0.05819426398609398,3.5941739573550007,0.10499005215863645,0.399092569476035,2.7131314426940567,-0.153509791991785,3.801241748818445,0.04137831071774339,0.1423976043453934,2.5865115892271047,0.02672914326968299,3.441358573498556,0.5817717625147356,0.1559365476512809,0.06012541881941554,0.0757243574007568,0.12643777692336533,27.83203125,45.8984375,92.28515625,6.27,552.5,15.0,0.20170420407509282,1.953932941689333,3.5941739573550007,0.5520069300551312,3.6490924110608414,C3,30.0,mid,625.0
0.19713007348625905,0.7621783321883213,2.737063830177776,0.2918894484760712,3.866372688393732,0.09374276429389677,0.3328695956317256,2.53276830295826,-0.1197477197341902,3.5508830802997497,0.048262700484179424,0.1739377542972447,2.65203973450179,0.06638359672829144,3.603978901973414,0.6157409797200932,0.16334137736650506,0.0581113362394932,0.06068819582313215,0.10211807473826166,27.83203125,38.0859375,76.171875,5.2,458.0,18.5,0.24482667525380686,2.1028830861892285,3.866372688393732,0.5395575939795266,4.785333847401218,C3,30.0,mid,625.0
0.18597162733208542,0.6617253442337144,2.606588303056251,0.10686878008274914,3.558205914131655,0.09923208043434183,0.3730176558702691,2.6850866989625324,0.2761201569905554,3.7590429852680654,0.04820275986853413,0.1832532946018084,2.736507234910311,-0.29177351298922366,3.8017178912909664,0.6234166961287231,0.1652057183587389,0.05795410938641444,0.057699683970567704,0.09572322447463381,27.34375,41.50390625,83.0078125,5.64,497.2,14.5,0.259194160743991,1.8741079146792243,3.558205914131655,0.4847514685041501,5.1401868370207335,C3,30.0,mid,625.0
0.21251229066482802,0.9278084461989772,2.7322702481673464,0.04907935449675903,4.365904876825718,0.10340613115738888,0.375390717380069,2.6023283805312523,-0.11869588969526794,3.630255896613201,0.04855036205892553,0.1960893562723373,2.796091790133094,-0.2507026963356844,4.038885560407229,0.5909832081559241,0.15193862190765664,0.06102664639064363,0.073803637582749,0.12223990888934928,27.83203125,39.0625,77.63671875,5.29,466.7,14.4,0.22845907832925585,2.0551227309855986,4.365904876825718,0.5806410091534009,3.789575548049558,C3,30.0,mid,625.0
0.18587280999527192,0.6980413139983854,2.730454846340836,-0.09889051805029224,3.755478351116237,0.1005808582990846,0.3736676857578357,2.703332322743869,0.006025942188906192,3.715097405976665,0.04552387747009369,0.1630866273584098,2.67956603893352,0.1957827428403492,3.5824414883276896,0.5878611132243814,0.156268094852226,0.060991086659945175,0.07296824106747818,0.12187169061116766,27.83203125,37.109375,73.73046875,5.02,442.8,17.1,0.24491950958965805,1.847993874168039,3.755478351116237,0.5075173148545796,3.8191822470145267,C3,30.0,mid,625.0
0.2119545242382177,0.8345561737916909,2.684292440554392,-0.14225667292722333,3.9374303369609853,0.10120862046411587,0.4103388782069216,2.831367600729009,-0.2883010057078515,4.054386635498206,0.04437177027945905,0.1586198099844012,2.653344658011437,-0.025167756251608484,3.574791111226653,0.22356194385656888,0.43921754792566126,0.1301688457857554,0.0920312119148316,0.11501820250796845,26.85546875,66.89453125,133.7890625,9.12,804.1,17.9,0.20934570959942897,2.09423390286569,3.9374303369609853,0.5689479271539505,3.2010691439523606,C3,30.0,high,625.0
0.21405236709410697,0.7765175590454999,2.68399463779228,-0.05071802299076876,3.6276990046277233,0.09041968684798687,0.3653415649843163,2.7061845830920626,-0.15098164862315056,4.040509071863152,0.04457672057860912,0.1659697153481509,2.7416525483310874,-0.17356149119852526,3.723237447570206,0.2254301789961013,0.43950231170827625,0.15473997060859052,0.06826613560124803,0.11206002904870856,27.83203125,64.94140625,129.8828125,8.83,778.7,16.1,0.20825147221572748,2.36732037630224,3.6276990046277233,0.5745154054873278,3.687387750940765,C3,30.0,high,625.0
0.19221816020403096,0.7545776019261209,2.790036330033083,-0.31763629717140895,3.925631174105353,0.10675963011743421,0.3772818133084751,2.7687380924341363,0.2837474437666067,3.533937059293574,0.042866803312200864,0.1649626928846772,2.744592887826583,-0.11781229943238232,3.8482620615128784,0.22569525489470305,0.44601337094858695,0.1578926691025559,0.06363575046023413,0.10673699147020822,27.34375,60.05859375,120.1171875,8.17,720.5,15.8,0.22301120386700027,1.8004760787630443,3.925631174105353,0.5362956502613657,3.942582705615707,C3,30.0,high,625.0
0.1955966891599287,0.743697286498541,2.689743585636687,0.13854831986835042,3.802197724780814,0.10492557473177128,0.379929356790495,2.82539866460468,0.3470016209272481,3.6209413935709716,0.04650979147262266,0.1659530810205546,2.642446431878294,0.19064686716750362,3.5681321237107797,0.2269668435754187,0.4437137196479331,0.15232836925013424,0.0657254912175457,0.11126517280144264,27.34375,63.96484375,128.41796875,8.74,770.3,16.0,0.2377841448767783,1.8641469409145144,3.802197724780814,0.5261049400396911,3.7893555964703216,C3,30.0,high,625.0
0.19045638228367678,0.6924670795957044,2.677826234810308,0.15284111142989265,3.635830268813485,0.10795190270668363,0.4106261373644495,2.807558600382599,0.31167103107595284,3.803787863565154,0.04731122851639304,0.1843139691943361,2.770963060663471,0.1819174192686567,3.895776435618713,0.21363734238193838,0.41942328460839523,0.15151148192691166,0.08098099400613944,0.1344386738163479,27.83203125,64.94140625,129.39453125,8.81,776.5,19.9,0.2484097825922418,1.7642707308380314,3.635830268813485,0.5100090970662908,2.9387317944988927,C3,30.0,high,625.0
0.21408033809025137,0.7830641259877666,2.702967924718943,-0.1647577024848416,3.6578049762685105,0.10701563925515793,0.3801641982671119,2.6710433132165323,0.1016431172362456,3.5524172066167305,0.04582945218333703,0.1749107626441902,2.743893152476688,-0.2783215962865646,3.816558006071593,0.23392893145544916,0.4669606901855517,0.15599710409937687,0.05368846563476474,0.08942480797657298,27.83203125,53.7109375,107.91015625,7.34,647.1,21.0,0.21407595201020463,2.000458433741806,3.6578049762685105,0.5786522871709364,4.89744664456809,C3,30.0,high,625.0
0.19543265215847824,0.7164622569303004,2.6768812207306114,-0.07309233215755849,3.666031489708865,0.10482567664119789,0.3728648122578986,2.699942962647676,-0.07020788257488865,3.556998859488952,0.04749682470175013,0.1736255263108924,2.6852770884028705,-0.1205843628475124,3.655518603636145,0.23470463522867552,0.46517702599804966,0.15630296077455214,0.054276056630692716,0.08953923311721185,28.3203125,62.98828125,125.9765625,8.57,755.8,8.1,0.2430342329041029,1.864358603926918,3.666031489708865,0.5231499964806082,4.866531663313098,C3,30.0,high,625.0
0.18447391492517032,0.7142510698299261,2.643161384178596,0.007218379598045772,3.871826919917939,0.09551954595548953,0.341020599460231,2.7130487278180833,0.05661591350452197,3.570165624731306,0.044557403865416685,0.1668148584348605,2.7059185337941227,0.11246565580723848,3.743819073003357,0.23440136762838726,0.4574292577031092,0.1291064357964485,0.08207521807312945,0.09697973154435055,27.34375,67.87109375,135.25390625,9.21,812.1,12.6,0.24153769319359256,1.9312687584500454,3.871826919917939,0.4875943283184578,3.8637894501630545,C3,30.0,high,625.0
0.21251761168083216,0.7610706053732704,2.69049207110833,0.1211692903527196,3.581211925702789,0.09910347367842232,0.3369392720699593,2.573222841647307,-0.11695097862397417,3.3998734813603275,0.04340351582196911,0.1541914393866539,2.6592247103885067,0.22514701414211954,3.5525103546705865,0.2207447492804301,0.43043618747525936,0.1290693368006556,0.0960865684622302,0.12366119404475638,27.83203125,67.3828125,134.765625,9.18,808.8,22.8,0.20423491247941522,2.1444012383503703,3.581211925702789,0.571776949198158,2.963310885747863,C3,30.0,high,625.0
0.16533678182418537,0.6243813344439999,2.646280792448723,-0.08194918617896887,3.7764212388502276,0.10105444048097546,0.387076502540473,2.7153181260854042,0.1967639284111532,3.8303759903885086,0.040030562901413054,0.1552254945850207,2.7374958895217594,0.09749422910158557,3.8776745400085626,0.232314061687941,0.46449776330669695,0.15552678328750055,0.054999771457378256,0.09266102798557622,26.85546875,56.15234375,111.81640625,7.62,672.0,11.2,0.24211529013538235,1.6361159493561466,3.7764212388502276,0.4375275500266269,4.719003470273341,C3,30.0,high,625.0
0.17480572451729628,0.6233406611832881,2.7254781067549336,-0.10856421828290365,3.5659053094775004,0.10179108022616325,0.3796642510353898,2.810837168401689,0.32592244556221817,3.729838117365859,0.047549324644733174,0.1668441172373847,2.6808703240368366,0.07058793012201138,3.5088640792265235,0.2129964488358806,0.41949398902706503,0.12922973454033107,0.10272235730055626,0.13554844285004983,26.85546875,69.82421875,140.13671875,9.53,839.7,1.5,0.2720123999144454,1.7172990416145144,3.5659053094775004,0.4764291751073252,2.654502513372018,C3,30.0,high,625.0
0.18763267075025947,0.7468705026550488,2.6398409873163056,-0.12538631344842432,3.9804928409783136,0.09837921550014544,0.3475194936515971,2.710397339525787,0.06280214543515077,3.5324483112094276,0.050467208289667755,0.1907296772061348,2.833780039282874,0.3757662795012567,3.7792793314700397,0.21895109036502128,0.42705766087420316,0.15118929882745838,0.07522618444669238,0.12754773945324993,27.34375,56.15234375,111.81640625,7.62,671.7,23.0,0.2689681284601017,1.907238940627475,3.9804928409783136,0.49532041480616024,3.1858571300222702,C3,30.0,high,625.0
0.20704191427367163,0.7507509105467485,2.6919650917174636,0.2519586934844342,3.626081767938026,0.09408430268062436,0.3610014583006158,2.7070533427368533,-0.1842448819706587,3.8369998821807725,0.04529444680179425,0.16945546817302,2.684169233039404,-0.15238980666215057,3.7411974345231958,0.2275232038809118,0.4517593659316057,0.15351744935691683,0.06321544040798663,0.10398363934962095,27.83203125,64.453125,128.41796875,8.75,771.2,24.6,0.218769455260751,2.2005999765602735,3.626081767938026,0.5573496057470837,4.062717156082973,C3,30.0,high,625.0
0.18117500285798419,0.6851853424224371,2.617829191910551,0.12826820220936508,3.7818977872986506,0.10464347116726948,0.3966583692926193,2.6952099385670545,0.17400624639670226,3.790569682637655,0.049494549575441596,0.189328242048225,2.7190240723097974,-0.21119327392479786,3.825234165625514,0.22221369967160792,0.44321277633114287,0.15563708396646206,0.0671745770318753,0.1117598376691384,27.83203125,66.40625,132.32421875,9.02,795.3,10.6,0.2731864153149118,1.7313550557624502,3.7818977872986506,0.4742852113261085,3.7188289190462878,C3,30.0,high,625.0
0.19577345619192874,0.7192449290365275,2.6840960205190876,0.24138241454039094,3.6738633675211188,0.08931317888263916,0.3232499307047909,2.789653777948235,-0.3507822073333441,3.619285918929762,0.04579074012960869,0.1813559898212895,2.7001823583834086,-0.020798457856046743,3.9605385129825224,0.22608609249278613,0.44415941817221716,0.15399758379904024,0.06608697632921304,0.10966936673222964,27.83203125,65.91796875,132.32421875,9.0,793.2,19.1,0.2338965711711051,2.1919884460632884,3.6738633675211188,0.5254747546880238,3.813492582914587,C3,30.0,high,625.0
0.19841583839904528,0.7715439759462989,2.7259938007247704,-0.040895538356625266,3.888520100873214,0.09569030780566694,0.3400359096612464,2.7341439391475273,0.24762348348928842,3.5535041892833052,0.047846625896889296,0.1786348727767443,2.8271366290802216,-0.3296204424654533,3.7334894452475504,0.5677695700318994,0.15354697585761437,0.061343079255631414,0.0808596424075215,0.1364753908013179,26.85546875,35.15625,70.80078125,4.8,423.5,27.2,0.241143178301433,2.0735207457164724,3.888520100873214,0.5408803454414053,3.3189152031296927,C4,45.0,low,437.5
0.23563114647066327,0.8093835953609083,2.563253403863485,0.08231915860646748,3.434960137842723,0.10974850031764925,0.4195409976165958,2.8258599425127575,0.21680114718511817,3.8227492530859406,0.045795978254875094,0.1743691799552319,2.7460952257653695,0.13553961510889204,3.807521677663254,0.6273335873443034,0.18854587974982415,0.03274679220377796,0.05744047551388013,0.09392074090472739,27.83203125,55.6640625,70.3125,3.78,332.9,22.3,0.1943545195141544,2.1470101713341605,3.434960137842723,0.603982338247183,5.390280855286703,C4,45.0,low,437.5
0.22778923951457225,0.838709916331893,2.6554883634835234,-0.15542829315711196,3.68195582073682,0.11067396772216773,0.409461484433309,2.7515412154129506,0.30507096979870235,3.699709090228043,0.047446233747473046,0.1682934744011958,2.7585160147387184,-0.28984976557763487,3.5470354780300974,0.6113056689902111,0.1576206849962653,0.059354300112946456,0.06482184588038906,0.10688184901233366,27.83203125,34.1796875,68.84765625,4.69,413.0,16.6,0.20829005728533453,2.058200715152879,3.68195582073682,0.6048916748577078,4.478216700385436,C4,45.0,low,437.5
0.23151981730865426,0.8281287728877043,2.6868364510989227,0.04293582222615127,3.5769239217378592,0.10263490026801618,0.39604062324018,2.7359359887941372,-0.13193856795321227,3.858732479945684,0.04895016290380103,0.1958402698874675,2.7387202517924116,-0.06983617048794079,4.000809359354763,0.6011710270445476,0.1586109224709074,0.05959350996363203,0.06822411393935626,0.11239406121421874,26.85546875,34.1796875,68.84765625,4.68,412.3,21.6,0.21142968871015633,2.255761117359434,3.5769239217378592,0.6220558842966555,4.20656420024968,C4,45.0,low,437.5
0.21970941607091937,0.786728181119471,2.575601161060351,-0.07570741016624925,3.5807667927419424,0.10528374923699568,0.3942084363454436,2.6854472938427243,0.12827373073668066,3.7442477039649593,0.04513403568910439,0.1536801745384831,2.69851641493217,-0.062335002566536825,3.4049730362486144,0.6285904334120044,0.18802999874693663,0.03225767320126192,0.05665111545316279,0.09446822100977825,29.296875,58.59375,69.3359375,4.0,352.5,18.9,0.20542604179757004,2.086831231440565,3.5807667927419424,0.5658838271281517,5.40381165820696,C4,45.0,low,437.5
0.21959025525398448,0.833547810926134,2.6993571371968788,0.17924722414642602,3.7959235028987433,0.10085317300511076,0.3689603203755993,2.745157595348229,-0.22445958363137328,3.6583908010202326,0.04358182693215523,0.1637467737607591,2.7335900869175696,0.1712060327128386,3.7572260111001596,0.5889623761746573,0.18127465338549267,0.03677150118917371,0.07344044831854686,0.11954595669027177,25.390625,50.29296875,70.3125,3.44,303.2,21.2,0.19846885683404858,2.1773261932260346,3.7959235028987433,0.5927525227787275,3.9911465759722997,C4,45.0,low,437.5
0.20981370981218952,0.8583684882204597,2.83709885870104,-0.3692828125296099,4.091098188906773,0.12386396256951447,0.4595375897668637,2.6377004307653493,-0.12630764396441557,3.7100184769961944,0.04569798130176177,0.1759279050496336,2.764644563240406,0.25692074350031185,3.8497959874400656,0.6987994797271467,0.09437354706236514,0.03513313361110677,0.06382373823895962,0.10784337288920416,24.90234375,49.8046875,69.82421875,3.39,298.6,2.7,0.21780264665577567,1.6939043888123526,4.091098188906773,0.5952622366479942,4.620413436079449,C4,45.0,low,437.5
0.23342965408910032,0.9291052984158013,2.7500338679217697,-0.1287533296344038,3.9802367957121714,0.1005466994373851,0.3696794432919065,2.8314207535535636,0.3529071749059407,3.676693967683368,0.04784112312715575,0.2051818798434768,2.7496614263897876,-0.0941587932556487,4.288818205587041,0.6007846174049548,0.1559921681160771,0.059282998509427975,0.06930633860407909,0.11463010654847758,26.85546875,34.1796875,68.359375,4.65,409.7,11.4,0.20494878130991337,2.3216043430094624,3.9802367957121714,0.6419394545222893,4.114338433002563,C4,45.0,low,437.5
0.22321112600352164,0.8261570281746287,2.812560190942201,0.3485227112867701,3.701235879082453,0.11187277206368361,0.3985555772695026,2.6883030755852184,-0.18753682878186242,3.562578900276331,0.04936074730472525,0.1956977855252641,2.6979944813470618,-0.19043224937057382,3.964643896437325,0.5969382971075955,0.16085584930676508,0.060532191942723766,0.06790384815071687,0.1137690331975782,26.3671875,36.62109375,73.2421875,4.99,440.0,12.2,0.22113927826315646,1.9952229830906365,3.701235879082453,0.6277947271728885,4.171201231523112,C4,45.0,low,437.5
0.2421206519528403,0.8861160081694286,2.668945629896477,0.09224521633515341,3.659811755099785,0.10452851651861932,0.3946145061224614,2.782313820914517,-0.329666949850636,3.7751851768810862,0.04338080591833033,0.149939033019554,2.6173490136193394,0.005777450034061734,3.4563450319902436,0.5898270258745492,0.17830651403862338,0.03722025555290737,0.07439923559901794,0.12023864669551985,27.83203125,56.15234375,69.82421875,3.82,336.9,20.5,0.1791702011721823,2.3163119502390734,3.659811755099785,0.646206855937219,3.9464750173904304,C4,45.0,low,437.5
0.21785148999750245,0.807422516340287,2.7885405188230012,0.37106052538004675,3.7062978837075833,0.09641894957149902,0.3792238137138817,2.8248451865760185,-0.2812198279229803,3.933083853321489,0.04583794349562311,0.1726695918965188,2.6760986796868504,0.05856617735900496,3.7669576496817827,0.6157821824230815,0.1852246188568875,0.034374094996844254,0.06194524978476983,0.10267035318734218,25.87890625,51.7578125,68.84765625,3.52,310.6,25.8,0.21040913466393377,2.25942608756545,3.7062978837075833,0.6074877069439993,4.865922712172489,C4,45.0,low,437.5
0.2230517488042811,0.8014111907285826,2.709150794575369,0.049024990168309954,3.592938387727184,0.10546554767116967,0.4032787865012449,2.653804789289745,-0.08498837549882234,3.8237964473348693,0.04672450305145794,0.173231861233791,2.680282623215908,-0.0641019926285761,3.7075163976171095,0.6107780500265787,0.18258445419516844,0.03443853787858625,0.06488894567040085,0.10730927842886921,29.296875,58.59375,68.84765625,3.99,351.5,6.2,0.20947830851779964,2.1149252407974277,3.592938387727184,0.6042808225045437,4.607262986431172,C4,45.0,low,437.5
0.23027824147537915,0.8690722081714134,2.7533351329003883,0.19956380009215546,3.774009227286603,0.11434318255420946,0.4140648130850669,2.6439733527633362,-0.07990698767207946,3.6212461804512137,0.044149725383173584,0.1606936333350614,2.7407109473885267,0.2318097485289123,3.639742533852888,0.6054276882577218,0.15921398326127087,0.06057699729728386,0.06464008141211815,0.11013779330960792,26.3671875,36.1328125,72.265625,4.92,433.7,20.3,0.19172339123448612,2.0139219176115333,3.774009227286603,0.6340331725966808,4.374934028328372,C4,45.0,low,437.5
0.23472809834086164,0.8088140233194285,2.675062635798164,0.04467525382859282,3.4457486301657205,0.10694545206315526,0.3676901217561824,2.6577757513474345,-0.09582215742912381,3.438109004757376,0.04527798540697131,0.1586474606120471,2.5716769706541425,0.12595907714878446,3.503854228187914,0.6160549745228385,0.16199193472999607,0.05869350421113287,0.06150226501019613,0.1017568552966442,26.85546875,36.62109375,72.75390625,4.97,437.7,14.2,0.1928954638452387,2.194839460795827,3.4457486301657205,0.627912365443596,4.765717883267532,C4,45.0,low,437.5
0.20135618842199926,0.7875716723858667,2.7705124664384395,0.21493779245839473,3.911335820160073,0.1137482325357287,0.4289835329108391,2.5967166687407044,0.1216285103280119,3.7713424054839177,0.0457565859971621,0.1700423441093446,2.6794855027590665,0.19410738202458142,3.7162375733165693,0.5741191967021576,0.175137956601624,0.03863419955870726,0.07872398497328331,0.13336406397562978,31.25,62.98828125,68.359375,4.28,377.4,10.3,0.22724201503688646,1.7701917993209486,3.911335820160073,0.5578598302176764,3.532764608930226,C4,45.0,low,437.5
0.21136514218848487,0.762289642197233,2.8251455639654863,-0.3269989776997022,3.606505946555091,0.10200087294724226,0.369514496008358,2.6217021838467987,0.0034678778239396473,3.622660133501812,0.049101136158382006,0.1881773248582568,2.787878164939663,-0.19444027168648775,3.832443392985179,0.5825752898701214,0.15626231060497212,0.06024674770907754,0.07474255677303851,0.1261725043489,27.83203125,37.109375,73.73046875,5.03,443.5,18.3,0.23230479562517486,2.07218954192489,3.606505946555091,0.5971372938307323,3.6773629430731494,C4,45.0,mid,437.5
0.2220036504523464,0.8488401933087157,2.763264017114725,0.24147184751510692,3.823541602037401,0.11427822849132281,0.3931607516569315,2.5593848515377924,0.10463029641970537,3.4403819244256515,0.04919827318314023,0.1783623627002896,2.583582474608269,0.1411836777636486,3.6253785175820488,0.5946356366613316,0.15654927703484176,0.06060939173540264,0.07017002883162479,0.11803381092503319,27.83203125,46.38671875,92.7734375,6.31,556.1,14.4,0.22161019912463445,1.9426591869964385,3.823541602037401,0.613454698963084,3.9913368115519496,C4,45.0,mid,437.5
0.2256033685411353,0.8639933035023554,2.853248019307454,0.3303115642025512,3.829700367903946,0.10033476510985943,0.3880794470757274,2.75782312227419,-0.27448335137723034,3.8678462709391703,0.04830427957034207,0.1825928359696267,2.6997901252287018,-0.06369653548294729,3.780055050893157,0.571451150373176,0.1547594368322713,0.0622881793888488,0.07847006743078931,0.13303116597421039,26.3671875,41.50390625,83.0078125,5.64,497.2,20.3,0.2141115174064191,2.2485064702560043,3.829700367903946,0.6437023644390839,3.433599773930587,C4,45.0,mid,437.5
0.21913975338233269,0.7946595630067038,2.694848428738826,-0.039360558885502446,3.6262684006049004,0.10386210553912058,0.4017675246649296,2.8055807090426352,-0.3875779117376996,3.8682782577867183,0.04603751711812012,0.1762279341598334,2.7318378164478743,-0.23537124645604957,3.827920035471918,0.5738204863661122,0.15553997149670706,0.06105601601175261,0.07923025695011493,0.13035134285220873,25.87890625,41.9921875,83.49609375,5.69,501.3,16.9,0.21008291014090244,2.1099105611698943,3.6262684006049004,0.5905484200765931,3.4800786831990425,C4,45.0,mid,437.5
0.22366339994590897,0.8511634347398215,2.7367263392000734,0.2309443866726658,3.805555289536276,0.10138431540995385,0.3396397849311246,2.54093598151298,-0.13903471745126453,3.3500229651674402,0.04960580128002326,0.1880300700611595,2.800626424330096,-0.24308644650124667,3.7904854918023676,0.5994947564447647,0.1599620838819021,0.06020382647260741,0.06801729717437072,0.112300704185484,26.3671875,41.015625,82.03125,5.58,492.2,13.1,0.2217877457465995,2.206094690697589,3.805555289536276,0.6121055177470094,4.21176385385419,C4,45.0,mid,437.5
0.2055375619598206,0.8663036405126442,2.7965238971482553,-0.2696348685933409,4.214819093173797,0.10445221979201626,0.4042249726038516,2.7949933093047235,-0.2396666425122439,3.869951001603781,0.05307592742411907,0.1860079552270629,2.706104748467555,-0.20486555089285596,3.504563448146854,0.6001293488299771,0.1594599843780149,0.05914045680663354,0.06801770505084674,0.11324351595622399,26.85546875,47.8515625,96.19140625,6.55,577.0,13.4,0.25822981900746,1.967766337269653,4.214819093173797,0.5747907037822285,4.190578265929046,C4,45.0,mid,437.5
0.22734187667219752,0.8395455221720273,2.6413694038605624,-0.06586990072457391,3.6928767126461324,0.10668196578831605,0.403189460544767,2.7869296393610443,0.3767316923835365,3.779359121904415,0.04190853124285359,0.1643554034171033,2.742123628275597,0.13921624709945665,3.921764818353777,0.6092200847172919,0.15992598251287216,0.059195584227371034,0.06364955575175489,0.1080066656462056,26.3671875,49.8046875,99.609375,6.78,597.2,10.7,0.18434145022600115,2.1310244425313756,3.6928767126461324,0.6004938772581838,4.480735163376389,C4,45.0,mid,437.5
0.22248442724863582,0.905316615059752,2.6733702703563336,-0.08337525950297339,4.069123516892363,0.10118749646333375,0.3917702396367197,2.7775059728487133,-0.28699011775525646,3.8717257895463533,0.05131011430036922,0.1964386464801568,2.7773797604163937,0.31926252165450547,3.828458563358594,0.22885907610938655,0.44320324072316436,0.15336641673064855,0.06563569294449799,0.10892050255205227,27.83203125,50.78125,101.07421875,6.89,607.3,12.5,0.23062339658958683,2.19873437949179,4.069123516892363,0.5947832534237596,3.8501200998381795,C4,45.0,mid,437.5
0.22911942644662017,0.7691933033437903,2.5761632692803866,-0.09523641522073688,3.3571719136744416,0.09747162433421125,0.33655328434121,2.597976429400375,-0.10554546246539886,3.452833443990163,0.04984703651251055,0.1829991298027023,2.6645913407242405,0.22370075310064982,3.671213829467543,0.23391500098962192,0.45623566919548303,0.15681743498314554,0.05786963381204391,0.09516056768304973,26.85546875,51.26953125,102.5390625,6.99,616.2,22.2,0.21755918860997944,2.350626944114671,3.3571719136744416,0.5902490506903721,4.509898460842268,C4,45.0,mid,437.5
0.23444379983989658,0.8437477329387081,2.7147854624431846,-0.17693041399704576,3.598933874621166,0.11144910262892262,0.4083281201575791,2.6792588526971213,-0.06140746382910028,3.663808057002804,0.046071539019885886,0.1587877396932974,2.5211279989715702,0.12604486593104972,3.446547327727857,0.6254682689492879,0.16464839718879573,0.05694198831532572,0.0571496548579512,0.0957916383147519,26.85546875,46.38671875,92.28515625,6.29,554.1,14.9,0.196514213859989,2.1035952224801053,3.598933874621166,0.6364646195652911,5.166143490403697,C4,45.0,mid,437.5
0.24710696659755585,0.8938510343652232,2.7670133059723323,-0.2249832785574886,3.617263595084997,0.09678313602687649,0.3493452065886767,2.708200275842103,0.2216648074260229,3.609566923845743,0.04604820405471556,0.1804025852784039,2.7233511528048826,0.17814456105957854,3.917689929102236,0.5907039355900849,0.15619622512972317,0.061734162276516076,0.07238506227750006,0.11897973154520654,27.34375,44.921875,89.35546875,6.08,536.3,10.5,0.1863492749263955,2.5532027245834925,3.617263595084997,0.6837482645738977,3.9030176125906806,C4,45.0,mid,437.5
0.22565325976818879,0.899184509858691,2.7596842829682777,-0.2755796562556803,3.9848062056910405,0.10758341041083329,0.3738095124369424,2.6718427345117157,-0.05405270255606336,3.474601809047141,0.047935996215339186,0.192072621279003,2.777168756537982,-0.30924291756664085,4.006855733552922,0.6258897643418886,0.16273701663233026,0.05929248109038672,0.056960840046226466,0.09510494110487175,27.83203125,48.33984375,97.16796875,6.6,582.0,16.1,0.21243210164383766,2.097472639196668,3.9848062056910405,0.6227317543828286,5.186089697527743,C4,45.0,mid,437.5
0.21136675968211502,0.8504795715074454,2.7097206391139212,-0.061433875313479214,4.023714858412571,0.09683338622675519,0.3601842906189477,2.6957390165795214,0.05529782215605339,3.7196291966440422,0.045951110785847134,0.1687991755230726,2.6146616138669967,-0.18744864151699464,3.673451471276783,0.5747822380321597,0.15628815673063823,0.060082813357418954,0.07830438345493058,0.13054051227512484,26.3671875,40.0390625,80.078125,5.46,481.6,13.4,0.2173998922770794,2.1827880643062145,4.023714858412571,0.5727448711332593,3.500542314942426,C4,45.0,mid,437.5
0.20794721723135107,0.7502562936760382,2.7175999109244757,-0.2608222268482605,3.607916968859183,0.0958171915175102,0.3502258232482887,2.637133678473704,-0.1059241024576297,3.6551459889563387,0.04855306546350118,0.1750383102108829,2.750283467815892,-0.2894770964264652,3.6050928718901285,0.6292895540686163,0.1627663135711006,0.056248891704522554,0.05678171955977856,0.09491083812716829,27.83203125,36.62109375,73.73046875,5.01,441.6,10.2,0.23348744989207337,2.170249554782135,3.607916968859183,0.5651173390249122,5.221455025330313,C4,45.0,mid,437.5
0.22754496617402425,0.8642976093392775,2.6578440598038444,0.07751750508302908,3.7983596116042873,0.11629847733067362,0.4839158529185519,2.772092575939992,-0.26237182364371814,4.160981846242277,0.04939093502270925,0.2007881583393846,2.755716363280806,0.2598340110865138,4.065283604108022,0.23333446456611465,0.45329884566900125,0.15224708593062466,0.06067430322480612,0.10042511983519722,27.83203125,50.29296875,100.5859375,6.84,602.7,10.6,0.21706010839605006,1.956560149339199,3.7983596116042873,0.6047790366838971,4.262171131298039,C4,45.0,mid,437.5
0.20779280957199822,0.7994745431314311,2.7598398749252815,-0.08870256134127855,3.8474600963245593,0.10548698450812696,0.3833318817008926,2.6753205378054403,-0.06342037078907145,3.633925867616017,0.048500062159649214,0.1842226504319507,2.804915712909425,0.3545734241936049,3.7984002953550675,0.2142118155616484,0.41684568582939857,0.15129219983413936,0.08060181796937785,0.13704046801523917,26.85546875,61.03515625,122.0703125,8.32,733.3,23.3,0.23340587318467537,1.9698431094690112,3.8474600963245593,0.5734748815795564,2.8995169690307803,C4,45.0,high,437.5
0.21091507335465579,0.7479430527551421,2.6168201953610386,-0.11000348468106877,3.546181128066975,0.1110904831787928,0.4249540152519807,2.7684329494321984,-0.29136668003746924,3.8252963088480336,0.04869533422879042,0.1690954067650013,2.6049491031504886,-0.06716465273762472,3.4725176332196948,0.22774542071897735,0.44774150056335527,0.1555652836623766,0.06374379544216638,0.10519082079524929,26.3671875,54.19921875,108.88671875,7.4,652.2,15.3,0.2308765014006786,1.8985881357199779,3.546181128066975,0.5519268234605181,3.998510999859398,C4,45.0,high,437.5
0.2148236267006407,0.7748497033716303,2.7454871364036357,0.15333077944766493,3.606911005423964,0.10802685140581685,0.4059242860007658,2.6591845378112438,0.11725570222072333,3.757623967728715,0.050027271905932987,0.1781394743382268,2.6793025057793183,-0.16313997599669827,3.560847264931517,0.22058779704822504,0.43342593006288543,0.15169495130453003,0.07355839361525184,0.12073274496343148,26.85546875,51.7578125,104.00390625,7.07,623.4,7.8,0.23287602334191382,1.988613237403615,3.606911005423964,0.5897955037021857,3.36615314468524,C4,45.0,high,437.5
0.2291468401795386,0.8868067129543148,2.8088954641383372,0.3299304623661624,3.870036838646755,0.09997341900462098,0.3463627416398652,2.6040059888889404,-0.06258425025329335,3.464548327829576,0.04600619830507639,0.1741270048379214,2.6921796537734157,-0.2605474093333037,3.7848596765864038,0.22701722981461592,0.44749596102669154,0.1546304271106232,0.06375332382962856,0.10709815614087895,27.34375,61.03515625,122.0703125,8.31,732.1,5.8,0.200771689755923,2.292077658851969,3.870036838646755,0.6436495200019384,3.9479505296514983,C4,45.0,high,437.5
0.21287341111027813,0.7201039988037327,2.636941457230664,0.05353011129386377,3.382780381297531,0.10641747602120107,0.3934796068575457,2.7623324907138738,-0.2742760634488301,3.6975092961155602,0.04597259544253679,0.1707848350367059,2.741354248878093,0.2000801325110881,3.7149269775333336,0.2301488851949047,0.4545288971778215,0.15763735785473273,0.05941752227504351,0.09826691946770812,26.85546875,56.640625,113.28125,7.7,679.2,14.9,0.21596213074596193,2.000361398045828,3.382780381297531,0.561334722898799,4.3420756975486405,C4,45.0,high,437.5
0.22395765016670877,0.8833286093119741,2.7228998192688896,-0.11008017659435092,3.9441769845970667,0.10799570419879212,0.3762605859526027,2.685704474184717,0.07665964185995718,3.4840328950492734,0.04787357278496746,0.178427327557817,2.770917597985644,0.04577684648181204,3.727052675998397,0.21839843965145256,0.41424398614024893,0.12779283013163792,0.10332064752112363,0.13624216423143978,27.34375,71.77734375,143.06640625,9.75,859.7,25.1,0.21376172124208084,2.073764431911669,3.9441769845970667,0.6098142451628165,2.640820673139941,C4,45.0,high,437.5
0.22511825630899415,0.7979207268582467,2.5849331648842275,0.10718726203401227,3.544451436062262,0.1086908493345224,0.3890175791694286,2.7093085259138463,0.09520340388202794,3.579119875787637,0.04434794237698599,0.1677567716187123,2.650983122236019,-0.20693976218261986,3.7827408133769094,0.23097600365155385,0.4439786291023399,0.15573856025747845,0.06379557919013087,0.1055112162268438,26.85546875,59.08203125,118.1640625,8.03,707.5,8.3,0.19699842697837278,2.0711794754325474,3.544451436062262,0.581915646754027,3.986577331946966,C4,45.0,high,437.5
0.20495765236059532,0.7430669644797071,2.7268048782169068,-0.20441069133409692,3.625465826337536,0.10205994075927624,0.3565193592833394,2.693798475707874,-0.0273540996496695,3.493235020822166,0.041921806305919664,0.1600749660181718,2.803882890595564,0.311095706412478,3.8184176714629796,0.22120254936304073,0.4330613751867553,0.15123123068938277,0.07236373625175647,0.1221332302261419,27.34375,58.10546875,116.69921875,7.93,699.3,13.6,0.20453886850813408,2.0082086157978365,3.625465826337536,0.5588795262847562,3.363877269644425,C4,45.0,high,437.5
0.226923074300726,0.8433027146755694,2.797098389805452,-0.18112136460684516,3.7162492940581116,0.11279706325661243,0.4467892757791187,2.8225955573173356,-0.3216739382576128,3.9610009594192768,0.04844958015571365,0.1707001974584798,2.6681637445938327,-0.16230470656090973,3.5232544205720875,0.21956241082176203,0.42084770325479254,0.14919026214303607,0.07856165221289203,0.13183675808240455,27.83203125,52.734375,105.46875,7.18,633.3,18.9,0.21350662688231808,2.0117817587544615,3.7162492940581116,0.6347261657362636,3.0437973042559188,C4,45.0,high,437.5
0.23077302816000794,0.8616173704494764,2.590948353138998,0.13912165014795208,3.7336138339878633,0.10804291373908868,0.3909609221017979,2.624076292501783,-0.09091719881192509,3.6185707009524375,0.04830313634211589,0.1815923639183677,2.6890018030742455,0.024090988919988593,3.7594321543058036,0.22819141927693723,0.4405344901244239,0.15351660230948827,0.06524345700557449,0.11251223102819329,27.34375,57.6171875,115.234375,7.85,691.7,16.2,0.2093101465420153,2.1359385837862397,3.7336138339878633,0.5979209972600722,3.7620506932769713,C4,45.0,high,437.5
0.21451517930797862,0.8877136092324689,2.656027395634759,-0.033682507543061894,4.138232138612354,0.1143690091306016,0.4110996684626034,2.6703184281033443,0.13623498721893884,3.5945023183085865,0.049592963312214536,0.1791481510161029,2.71817033059241,-0.13705805365123278,3.612370365696205,0.23031736419529963,0.45929921813175556,0.15273810146331337,0.058732593490010226,0.09890727408369424,27.34375,58.10546875,116.69921875,7.94,700.0,22.9,0.2311862660358133,1.875640795864699,4.138232138612354,0.5697581930214938,4.37463309847444,C4,45.0,high,437.5
0.22690489423554186,0.8873324965869289,2.8507658802833067,0.3411543967973519,3.9105921429170265,0.1086928252808687,0.3889440341427064,2.7164191296650073,-0.2111986835808798,3.5783781784828204,0.05286271749906421,0.1989120139498167,2.690024394818012,0.15193735812575132,3.7628034153434866,0.21859158503640846,0.4275771030697939,0.15159953458008613,0.07640697939654471,0.12580759971963978,26.3671875,57.12890625,113.76953125,7.75,682.8,24.6,0.23297301575253512,2.0875793195107972,3.9105921429170265,0.6468527305559751,3.1954604407377536,C4,45.0,high,437.5
0.22823835469365403,0.8688000577254767,2.650050478337271,0.07914741652598407,3.8065471462568032,0.11598094116859015,0.4117614134367564,2.6212641931926655,-0.18745984890568637,3.550250664358889,0.041075117341632036,0.1501125644591843,2.7087161451090367,0.06084844456453118,3.6545863815959554,0.22026015672670635,0.4315848084250674,0.13165655197426707,0.09466091039047841,0.12183261854026926,27.34375,73.2421875,146.484375,9.96,877.9,12.7,0.1799658843351016,1.9678953489598456,3.8065471462568032,0.6048431610308296,3.0109212426404066,C4,45.0,high,437.5
0.20268109898445769,0.7626181093393739,2.784912455344242,0.33439383911010023,3.762650356449144,0.11559643333957892,0.4102937479944025,2.671588731516888,0.05922407659420703,3.5493633855390114,0.04749830131894588,0.1681175170992953,2.7046990583673214,0.2543734439712814,3.5394427259704426,0.23127895501473056,0.451465476796144,0.1537961076071772,0.06133063274629398,0.10212320770605116,26.85546875,51.7578125,103.515625,7.03,619.8,15.4,0.23434992980074684,1.7533508009633543,3.762650356449144,0.5644491170246755,4.1769861749435515,C4,45.0,high,437.5
0.20189471765584263,0.754193881327502,2.71510471428987,0.1232443451746865,3.7355800591728676,0.10871951886061933,0.4135920338594657,2.675195259673417,-0.05630780411909737,3.8042114074262896,0.04581389509810615,0.171939618887417,2.696099281290126,0.0953288161794644,3.753001540672856,0.21866771755994907,0.42377987944710477,0.15346983958294333,0.07602191449616988,0.12805348413037887,26.3671875,53.7109375,107.421875,7.3,643.7,8.1,0.22691973138297875,1.8570236492186452,3.7355800591728676,0.5481652996976006,3.1480893891708708,C4,45.0,high,437.5
0.2172054059802938,0.850722897112768,2.624996545228387,-0.05409966952547258,3.9166746024265655,0.108350387227055,0.3940033213227783,2.696131801444828,-0.17970531697619269,3.6363812941168336,0.05147507008673471,0.1947102431136647,2.739428784258069,8.696002784927296e-05,3.7826124915533073,0.6093015723728221,0.18564156278390997,0.03496510508941915,0.06343677915109759,0.10665492706286984,30.2734375,61.03515625,66.89453125,4.15,365.5,20.3,0.23698797851930462,2.0046574039936407,3.9166746024265655,0.5701634403032005,4.673614915454671,C5,60.0,low,250.0
0.24327383802576594,0.960379623281266,2.667996688499263,-0.005150742291502828,3.947730800298999,0.11567049125589855,0.4413845074428966,2.6119173789260377,-0.09253904891075053,3.81587821276231,0.04373352649575997,0.1616189730845104,2.752949655747192,-0.2618828109438988,3.6955394644467923,0.618119748669026,0.18225444876565697,0.034446209402314756,0.06280673762870316,0.10237004239941613,25.87890625,32.71484375,65.4296875,4.44,391.2,19.8,0.17977077539726244,2.103162486684436,3.947730800298999,0.6490537942512496,4.84556120599051,C5,60.0,low,250.0
0.25232849767095544,0.8692306551248914,2.702850779449399,0.09914040534054872,3.444837436706798,0.12023249894640844,0.4437183845796794,2.7327084670773423,0.1167270300484017,3.690502887887735,0.048875814581633474,0.1836805950415607,2.6904766371019275,-0.12826403445231788,3.7581081075339067,0.593268910210158,0.15652040276287613,0.060182763902098965,0.07203987351792743,0.117978170928238,25.87890625,34.1796875,68.359375,4.63,408.4,5.1,0.19369914628259358,2.098671323328533,3.444837436706798,0.6820062766072378,3.9458847982485117,C5,60.0,low,250.0
0.2468671242201574,1.0102767359178864,2.6976343915246894,0.09924751872067178,4.092390751135077,0.12857740300265602,0.4677994457849532,2.7298561275885285,-0.24038701121680137,3.6382710714361672,0.04690707389002597,0.1641424036144147,2.7160917895424257,-0.21329720195417481,3.4993102319545226,0.5860591337519485,0.1794836041327739,0.0377865721927312,0.07376515655895373,0.12290066531942018,26.3671875,52.24609375,65.91796875,3.56,314.0,14.1,0.19000939893557472,1.9199884151887707,4.092390751135077,0.6659572444330942,3.8926069134583283,C5,60.0,low,250.0
0.25883470346629395,1.0863605618613907,2.793758574488515,-0.25577928597676736,4.19712097069263,0.12366933907544216,0.4635955485779666,2.7553359555046817,-0.31651136917243583,3.7486700587536808,0.05261092994775295,0.1961192892828487,2.8376829779001906,0.3597940981527089,3.7277289999931864,0.5734120204238253,0.17704339446908884,0.03930609741674773,0.07909928451278872,0.1311314312961398,28.80859375,57.6171875,66.40625,3.92,345.1,20.0,0.2032607268005083,2.0929577646436415,4.19712097069263,0.7231216721841509,3.5696754016429133,C5,60.0,low,250.0
0.23198033384938704,0.8805151712285065,2.692584220422367,0.17597029374192266,3.795645762800652,0.10703902454370347,0.3990003196444838,2.667689888246935,0.07468324211895518,3.727615431338073,0.05100566597309641,0.1867529457615539,2.7206471906908285,-0.30355291253140776,3.661415691740191,0.6096661946231174,0.15936007939900998,0.059475288035658345,0.06474832348241627,0.10674876110238128,25.390625,36.62109375,73.2421875,4.98,439.4,20.9,0.21987064647562657,2.1672500738706817,3.795645762800652,0.6246265863711723,4.484194444960833,C5,60.0,low,250.0
0.2580304625572666,1.1833840763649348,2.7496695033433687,0.13891206476481502,4.586218482254969,0.11758171978114663,0.4229827466954707,2.6859974527863284,0.10371951809461333,3.597351250541012,0.0513989792164381,0.2020779785502735,2.824862372800795,0.31941802265942876,3.931556261055982,0.5831392103139073,0.1762478532036216,0.037019321312466325,0.07587133097302763,0.12772155279930214,25.87890625,31.73828125,63.4765625,4.33,382.0,22.6,0.19919733006342516,2.194477704846769,4.586218482254969,0.7094984938272989,3.729929305224257,C5,60.0,low,250.0
0.22939419076554754,0.9176831471456912,2.6245043427511603,-0.12743755150804145,4.000463761018298,0.11705979000730467,0.4256095025766828,2.740869153110011,0.17879251214918926,3.635830053600167,0.04603729061175616,0.1996553904762809,2.7609628054726034,0.2632720918304302,4.33681886625397,0.6962095423480028,0.08724249381409623,0.035923633465310564,0.06765135286710508,0.11296863642565656,23.92578125,47.8515625,65.91796875,3.27,288.4,15.5,0.20069074311828847,1.9596326864351377,4.000463761018298,0.6020460498660676,4.33757104753353,C5,60.0,low,250.0
0.21061989547211318,0.8014193089420746,2.7184121542232154,0.06420173657681912,3.8050503593008633,0.12402069490062952,0.4767317630375757,2.729771807127224,0.1705814662246718,3.843969455416717,0.05086561190814894,0.1842562521051214,2.6804737075971294,0.01811278718170166,3.6224129661084947,0.7070939045804564,0.08939783275156474,0.033373090945948494,0.0642256709191947,0.10590468366442327,22.4609375,44.921875,65.4296875,3.06,269.7,8.8,0.24150430705575832,1.6982641134277672,3.8050503593008633,0.5725516837726157,4.681655659164283,C5,60.0,low,250.0
0.2444479193778413,0.9482083693741644,2.787090058082122,-0.31537953970141946,3.8789790961915527,0.1134130389018017,0.4007703222697176,2.685773067455287,0.021576328233773114,3.5337235131907825,0.0483222217206429,0.1816045776440556,2.805403646217988,0.3905043773338412,3.758200082229983,0.7043983630032709,0.08910601892867881,0.03448783226056028,0.06452417615430381,0.10748321374970202,22.4609375,45.41015625,69.3359375,3.08,271.5,13.0,0.19767900599698543,2.1553775627994214,3.8789790961915527,0.6812983658168416,4.613199365299304,C5,60.0,low,250.0
0.24621516122892437,0.953501993319994,2.834126211417481,0.33098104546415175,3.8726372030090093,0.11195466338210971,0.4365050072382724,2.719182379602934,-0.1801175133056362,3.898944394557714,0.0479539753351642,0.1799580376971062,2.7547922758697685,0.2650294180246095,3.7527240742676167,0.5738466115102383,0.1756833252553409,0.039404802861945566,0.07873257419258757,0.1323326860656864,25.390625,50.29296875,65.4296875,3.43,302.6,15.2,0.19476451042175202,2.1992398868511036,3.8726372030090093,0.6978048420872757,3.551176237379864,C5,60.0,low,250.0
0.2623225634057042,0.9660554423391952,2.6741574224400635,-0.08954670217382066,3.6827005263939423,0.10901582977069764,0.4207137079725342,2.699817082509294,0.08115815170678256,3.8591983279626225,0.05216732722801303,0.1864507681032804,2.733974129357409,-0.1548066448627577,3.57409087278597,0.5750778858743366,0.15573535187968393,0.06175304951847618,0.07855423274517087,0.12887496060807335,26.85546875,35.15625,70.3125,4.77,420.7,9.0,0.19886709915735237,2.4062795646968866,3.6827005263939423,0.701491830004868,3.523193750792217,C5,60.0,low,250.0
0.23016078724923167,0.8465662574737799,2.7189351339377494,0.009719820936269991,3.67815155479577,0.11644581588393742,0.4631636689305719,2.8026151571539506,0.2599532550064788,3.9775037463966183,0.047121824058198064,0.1693765321149578,2.69126010696916,-0.09092491019073264,3.594439211558712,0.6971900588151491,0.08708458626899068,0.03554478522605046,0.06804519313944933,0.11213160177811189,21.97265625,44.43359375,66.89453125,3.02,266.5,11.0,0.20473437122532856,1.976548367170487,3.67815155479577,0.6257922509067075,4.352806061640623,C5,60.0,low,250.0
0.24270545695443463,0.9176638612208488,2.7598531493333622,-0.21042126348799825,3.7809774561151723,0.1128554378965085,0.4340996407054463,2.834291508654961,-0.29325264593813455,3.8465106227626134,0.044465119923895076,0.1566274574216269,2.6351791659749844,-0.2131533451208377,3.5224791407220963,0.562986057116447,0.15460670503588805,0.06225753221546597,0.08353734131587823,0.13661170775643566,26.3671875,33.203125,66.89453125,4.55,400.9,16.1,0.18320609879094285,2.1505871713244527,3.7809774561151723,0.6698314197360892,3.2595769328834225,C5,60.0,low,250.0
0.2642695109677381,0.9876640002188206,2.7188311456993786,-0.08109798780359728,3.737336163381307,0.1197205764000108,0.4760680967658514,2.72735997638035,-0.11293669851651517,3.976493524180931,0.05181747930789368,0.1870380695568109,2.707426943991176,-0.18422350460067202,3.6095555410067623,0.6192921048385998,0.18156234763828769,0.034701752121696454,0.06221619186005431,0.10222379607020202,26.85546875,32.2265625,64.94140625,4.42,389.5,8.7,0.196078159444657,2.207385888995054,3.737336163381307,0.7185041772778299,4.870192843948351,C5,60.0,low,250.0
0.2646313890483912,1.012798469366598,2.716282235444932,0.16747494054800313,3.8272045996077773,0.1171468990542186,0.4193447322881751,2.763435390093027,0.12033116170388147,3.5796485922695362,0.04972965661803785,0.1897746009426784,2.7676990577530725,-0.18631112703089628,3.8161253032630778,0.5736897425290123,0.155687873042774,0.061278078465123946,0.07777849348053707,0.13156328892518598,27.34375,37.59765625,75.1953125,5.13,452.1,11.9,0.18792047608888965,2.2589704993037243,3.8272045996077773,0.7188135410132614,3.484147345980782,C5,60.0,mid,250.0
0.2511275040863777,1.0771169987385347,2.7771465802125266,-0.21462285682641738,4.289123975715739,0.12084515608220224,0.4813653581949884,2.7454065445814235,-0.028585716959326265,3.9833235671237848,0.04932200924864183,0.1836475541555241,2.694960779930456,0.20600676354576056,3.7234402440849705,0.5833420475630713,0.15454437402101423,0.061095757340295605,0.07523842857168912,0.12577932725044685,27.83203125,40.0390625,80.078125,5.45,480.1,11.9,0.19640225959350535,2.0780932577517115,4.289123975715739,0.6974178891707911,3.6707524594841274,C5,60.0,mid,250.0
0.2548419309273095,0.9739092942130224,2.7029264310618184,-0.16348901214416917,3.821621075735837,0.11465903400855681,0.425730970282791,2.669657427019619,0.07946239394650306,3.713017242505457,0.04451322871860795,0.163689554863138,2.658601276569672,-0.06999884521252875,3.677323788348575,0.6045966936541212,0.15990700828789944,0.05862306189541986,0.06583207755317284,0.11102656396818371,25.87890625,48.33984375,96.6796875,6.57,579.1,8.1,0.17466995543721883,2.222606645266967,3.821621075735837,0.6888189908462551,4.322682201817677,C5,60.0,mid,250.0
0.24066243558853187,0.9020166945884496,2.739329892882174,0.017966183270687972,3.7480576990862664,0.1185207235386569,0.420173652349936,2.8126009554819826,0.24336935112173647,3.5451492347065487,0.04844153946524813,0.1809448599988756,2.7098009077690834,0.31182560713993535,3.735324310423394,0.5993978707579755,0.15779976773902724,0.05812955797540876,0.06864776708502185,0.11602487085237527,25.87890625,45.8984375,91.796875,6.24,549.8,16.7,0.20128417360518264,2.0305515221566885,3.7480576990862664,0.6592538039014961,4.100215640790749,C5,60.0,mid,250.0
0.23062915136736656,0.952459405114608,2.697385790986419,-0.07003220422865845,4.129830940571109,0.12318904028069602,0.4314856662506204,2.7101859974874523,-0.23755667359175262,3.502630309217817,0.050983614064109235,0.1863691910189717,2.7107333698770195,0.22388000459123014,3.6554723402821576,0.5845078983445778,0.1571146348100233,0.059087490351248266,0.07482518527096085,0.12446328114110909,27.34375,42.96875,85.9375,5.86,516.3,13.6,0.2210631820038136,1.872156409708686,4.129830940571109,0.6220957958855906,3.7213520004772573,C5,60.0,mid,250.0
0.252775488455154,1.0783409063985725,2.739741089305112,0.06028576986825713,4.266002661052658,0.1181555264326823,0.4511470159336568,2.7200137007112626,-0.05429493149221616,3.8182472674326613,0.0452836439899567,0.1732699669194593,2.7383165796428703,0.3142884941004123,3.82632561456159,0.5690073139112911,0.15207478168188876,0.06067144392546831,0.08147859393590852,0.13675649756771022,25.87890625,43.45703125,86.9140625,5.92,522.1,21.6,0.17914570857605389,2.139345454985297,4.266002661052658,0.6925393920897555,3.304152831815423,C5,60.0,mid,250.0
0.23554104736055168,0.95232245211565,2.6941129386334404,0.2280344179588365,4.043127356302758,0.11761716922787468,0.4553742009415077,2.7089815717864965,0.04359578524013953,3.8716643490990115,0.04286073822128247,0.1531204545542861,2.742018391214097,0.17265144779990296,3.5725109017897005,0.23255260400869923,0.4542673257580102,0.1563196311104239,0.05953988352834379,0.0973184992234118,26.3671875,50.78125,101.5625,6.9,608.2,4.5,0.1819671717587037,2.0026076882041606,4.043127356302758,0.6345741832733343,4.378598820910146,C5,60.0,mid,250.0
0.24953598358475673,1.0815044810337318,2.7351834174056155,-0.21621549094471668,4.334062228209227,0.11130734592112558,0.4135228595276896,2.674224253524924,0.22108045560291467,3.7151443699027684,0.04727331996901018,0.1718206220950206,2.6905943800804706,-0.16933772120079035,3.6346214356778175,0.5807253273796161,0.15386015078216744,0.06041516618024655,0.07606947036714752,0.12892750487251486,25.87890625,47.8515625,95.21484375,6.49,571.9,17.5,0.1894449020533884,2.2418644656353814,4.334062228209227,0.6825266843470265,3.5833966686726875,C5,60.0,mid,250.0
0.22773093784783413,0.9533830943313304,2.730036499431141,0.16697739101225378,4.186445211797988,0.1091650602626387,0.4732756423284545,2.6948486082008696,0.05436033252263513,4.335413191636658,0.04798191092563353,0.1692818737290423,2.673637141672732,-0.1073874436410085,3.5280352629433587,0.5824172256706449,0.15558153217652618,0.061029259825271964,0.0750189286137793,0.12594439356082895,25.390625,45.8984375,92.28515625,6.27,553.0,11.1,0.21069561904537631,2.086115624357642,4.186445211797988,0.6217137723742718,3.6723057215682178,C5,60.0,mid,250.0
0.25841615999192613,0.8812060782917147,2.642389288110908,0.12985803478875244,3.4100269825201597,0.12036233709303597,0.4531256860946688,2.725341686401847,-0.11324997937208349,3.764680023988053,0.05097540793760281,0.2162522481964857,2.7991443106947957,-0.2913925078342017,4.24228577947218,0.571896774405502,0.15209249354041235,0.06333015673637869,0.08083264274012207,0.13183899416356826,26.85546875,44.43359375,89.35546875,6.07,535.2,22.8,0.19726091409761473,2.1469852300406838,3.4100269825201597,0.6828360930374202,3.4042586895298,C5,60.0,mid,250.0
0.2517404177125849,0.9633760168989122,2.7666732881603284,-0.24437154217667495,3.8268627090259715,0.10729608754751639,0.4025630970548457,2.7795965949749113,0.2848020435632823,3.751889805642442,0.05337924697634582,0.2148984618594621,2.749930428409152,-0.11303148324370382,4.025880356736598,0.6201887457047438,0.1625548078025519,0.058069533430066544,0.05951733388202822,0.09964874528087601,25.390625,41.50390625,83.0078125,5.65,497.8,18.3,0.21204082944396146,2.346221781862278,3.8268627090259715,0.6964834892357318,4.9177786977222,C5,60.0,mid,250.0
0.23232618500279303,0.8726793167579447,2.6860618435861356,0.14439837698702523,3.756267580201747,0.1171234096253351,0.4335777596651913,2.69285494135948,-0.25075535558569145,3.701888128531767,0.047041860699167416,0.1706648643809427,2.6044773308950653,-0.13909460106503782,3.6279360944573193,0.6127816282723899,0.16138421023672667,0.058295982140746966,0.06315239631388539,0.10431996411127573,25.87890625,41.9921875,83.984375,5.72,503.8,19.3,0.20248195741948707,1.9836016194028072,3.756267580201747,0.6240425008019359,4.622648397286252,C5,60.0,mid,250.0
0.2423271033647113,1.0085785536727443,2.8168567976133185,-0.32164629798948263,4.162054263302096,0.11840575294509047,0.4433911357537075,2.684078597372783,0.226085614171255,3.7446756152070235,0.048917437251557706,0.188847351116674,2.723712095655973,0.1495872734104739,3.8605323935006512,0.6058430623542221,0.16131713226040068,0.06005377081657688,0.06560478956794466,0.10718102990981358,26.3671875,49.8046875,100.09765625,6.8,599.2,13.6,0.2018653158162632,2.046582174745244,4.162054263302096,0.6826007483588323,4.439948816015976,C5,60.0,mid,250.0
0.2488052372483667,1.129950580755208,2.7490461457118442,-0.17127659399334635,4.54150641381897,0.11517729137361683,0.4183008095722488,2.7116304767218384,-0.17617741128339173,3.631799329395127,0.04894381055830748,0.1989253710544894,2.8012832847948195,0.24896619822695873,4.064362148866744,0.5687688888831062,0.1551420123137651,0.06376981349104617,0.07920134685776942,0.13310465643373057,27.34375,40.52734375,81.0546875,5.52,486.3,13.1,0.19671535494829612,2.1601935093375486,4.54150641381897,0.6839770784905435,3.4097523855834098,C5,60.0,mid,250.0
0.22637183508351,0.9283297624367856,2.6368935447497814,-0.11963947119122709,4.100906643683473,0.11119059177676271,0.4124120770535952,2.795203009372361,0.373133306146407,3.709055509674728,0.052523787261765834,0.1865802226689069,2.7442953988967744,-0.2551880082761486,3.552299489353962,0.5750272234914501,0.1528959877999553,0.06094206491800251,0.07967110091138138,0.1314636160777018,25.390625,37.59765625,75.68359375,5.15,453.7,16.5,0.23202439138415554,2.0358901905837197,4.100906643683473,0.5969184306448696,3.4476718072331183,C5,60.0,mid,250.0
0.24546967851982154,0.9408875667932848,2.690882560427797,-0.169158027646694,3.8330093250898547,0.11315132278569255,0.4025458648521055,2.6528050286267217,-0.05661864011123715,3.557588678079559,0.04648567119929443,0.1638736358826507,2.719373966564867,0.03447187128104256,3.5252505052597374,0.2223846094123332,0.4299170154921599,0.14933192157742944,0.07383997461400303,0.1245263146464022,25.390625,57.12890625,114.2578125,7.78,686.0,18.3,0.18937439230622016,2.16939291982241,3.8330093250898547,0.6605300770428055,3.2883693461048944,C5,60.0,high,250.0
0.23695230284275967,0.8959174035538061,2.831006463112099,0.3527285353014056,3.781003150445566,0.12247150129873643,0.4563800111627085,2.7234894753208314,-0.21228939014323392,3.7264180345882396,0.05233614755678669,0.1945934774264624,2.622293683090612,0.04863260784555286,3.7181467591843886,0.23050855958039065,0.45050867894391505,0.15285489503272323,0.06200708672905945,0.10411751712764421,26.85546875,61.03515625,122.55859375,8.34,735.3,19.0,0.22087207817311946,1.9347546190748326,3.781003150445566,0.670813500797148,4.099436343046091,C5,60.0,high,250.0
0.24848355282522516,1.009748657458151,2.724495769754285,0.09723678974147167,4.063643834682184,0.12231525788001439,0.4295663208836243,2.620975476255856,-0.1414199776301447,3.5119602274395643,0.04882142442319525,0.1800070818882721,2.6122154479156707,0.08053199917670975,3.6870510030172334,0.21708569141358655,0.4105802424141994,0.1270200569065582,0.10422008394879402,0.14109389520791601,25.87890625,70.3125,140.625,9.58,844.3,14.5,0.1964774886228972,2.031500870226477,4.063643834682184,0.6769923885258413,2.5586227739056975,C5,60.0,high,250.0
0.2205329124299162,0.8877918254669823,2.6327475306713644,-0.11061466181742291,4.0256659003182405,0.12372649423349581,0.4634444612961266,2.6404032526617445,-0.09884871319407183,3.745717230308953,0.04682160023550646,0.177810524109925,2.696999071600614,0.16611130940171867,3.7976174076828126,0.2230093570480209,0.43001485930631467,0.1530436799450244,0.07362949028704295,0.12027468493562776,25.87890625,58.10546875,116.69921875,7.94,699.9,7.7,0.21231116806833097,1.7824227041762613,4.0256659003182405,0.5806074806316261,3.367767690429731,C5,60.0,high,250.0
0.23344120036942784,0.902877337395923,2.689588116738947,-0.02113316869883243,3.8676863208683474,0.11181508143098212,0.4123702926032359,2.6601863755854582,-0.22208219770768847,3.6879666617939324,0.05137279803736067,0.1940953692405246,2.7677885448785218,-0.28716349957971476,3.7781739880971537,0.22739582098313307,0.43630258872220584,0.15202079721372413,0.06953219085763589,0.11474464616365244,26.3671875,55.17578125,110.3515625,7.51,661.6,12.2,0.22006740008216905,2.087743418704385,3.8676863208683474,0.6278606784708886,3.601637733931075,C5,60.0,high,250.0
0.2587532514724936,1.0724780990521143,2.71023273428761,0.08495952652460119,4.144790811125798,0.12169882013838387,0.4922476887997406,2.783268437566602,0.3498705901283888,4.04480247417358,0.043731427840636675,0.145227906395918,2.6548370633938565,-0.023912974985768828,3.3209047489862082,0.2251824199949691,0.43204301128788164,0.15121010648557337,0.07192464987359704,0.11963792731856165,27.34375,61.03515625,122.55859375,8.33,734.6,16.9,0.1690082253721379,2.1261771574963912,4.144790811125798,0.7012815322441058,3.4308654692172995,C5,60.0,high,250.0
0.2480018996193993,1.1015086531114535,2.6468410224481094,0.11631850908437284,4.441533128584515,0.11623077672820686,0.3937201415653428,2.6614948068862785,-0.04926385937782007,3.387400072925735,0.050599612251008126,0.1927688457831576,2.7318906940344916,-0.034402277490548236,3.809690177602437,0.21714216644353468,0.42410723301250725,0.12812789159082047,0.09879353179776666,0.13182916223466132,25.87890625,66.89453125,133.7890625,9.1,802.1,21.1,0.20402913174722354,2.1337025063449846,4.441533128584515,0.6564216015576843,2.7805130026183615,C5,60.0,high,250.0
0.2415199204530242,0.909564015939993,2.7805744265844883,0.17099757891594747,3.7659999814255647,0.11005577607017121,0.3937437823345808,2.75337647673026,-0.2770579015674865,3.577674851736369,0.04684242795284611,0.1672765477466174,2.7164534993191887,-0.24452188049024434,3.57104776710136,0.21517228816643252,0.4103626342779185,0.12807300533023291,0.10562905807051065,0.14074148037484324,25.87890625,68.359375,136.71875,9.32,821.5,19.0,0.1939485068767112,2.194522896272449,3.7659999814255647,0.671564114322399,2.5390005087117897,C5,60.0,high,250.0
0.23517781785620245,0.9735589473407928,2.7168323709567543,-0.045088934074353666,4.139671658727897,0.1152452813619701,0.4419344088694979,2.782001010037354,-0.2901617107802838,3.834728881275761,0.05395784019632296,0.2095575431522868,2.7946667818192212,0.3045569287418286,3.8837274136589226,0.2278641082863,0.4368560930402078,0.15434580649639518,0.06767131145870935,0.11325962029332975,25.87890625,59.08203125,118.1640625,8.04,708.9,15.7,0.22943422423161966,2.040671991745503,4.139671658727897,0.6389387084827022,3.6738892288328486,C5,60.0,high,250.0
0.24359412011990433,1.070969679955477,2.7721408798755136,-0.2767550090587589,4.396533378672332,0.11496055194252554,0.4303146390482054,2.736816198464626,0.2077868138643414,3.7431504266206113,0.04941123320144759,0.1888703450432368,2.7166968640705775,-0.03677686892902071,3.822417146992063,0.2278368545817023,0.44664396385830596,0.15497870983138157,0.06344693602815431,0.10708886826889089,25.87890625,52.734375,105.46875,7.19,634.1,15.8,0.20284247081631485,2.118936591759659,4.396533378672332,0.6752772184816932,3.95506868027065,C5,60.0,high,250.0
0.25763875206383624,0.8936337082755103,2.6402826731569875,0.13938042185635854,3.468553162585149,0.10930012398719437,0.3933423441135019,2.638816915858583,0.10712164673891444,3.5987364859676276,0.04785539695682433,0.1689276290032912,2.5850486275772275,0.1024293555176504,3.5299598320268784,0.228217189256391,0.44459423319771235,0.15493169322498548,0.06539481620120269,0.10684919737663404,25.87890625,56.640625,112.79296875,7.68,677.2,9.7,0.1857461137871332,2.357167976259764,3.468553162585149,0.6802391330079359,3.906152721819044,C5,60.0,high,250.0
0.23857628225065688,1.0304193604306384,2.773246132625668,-0.06645870272729029,4.3190351979248405,0.10487524989396958,0.3739028622083025,2.7297603117376608,0.12982775845601996,3.5652154591891203,0.046869216548651914,0.1730099470738274,2.6822120111158925,-0.23419447806201782,3.691334308825857,0.2178808803008967,0.4177238182673804,0.14986729411578742,0.08083437480967688,0.1336927782844817,25.87890625,52.24609375,104.98046875,7.13,628.5,13.1,0.1964537971105167,2.2748578190932656,4.3190351979248405,0.661630752087844,2.962817011277367,C5,60.0,high,250.0
0.2316415820804836,1.028500818836411,2.6091432013619045,0.0912489925136252,4.4400526433939635,0.1213158675735967,0.4475651804537021,2.709232825858058,0.14468675505647471,3.689255077718379,0.046503574486628944,0.1744935300336311,2.612926032548051,0.18327105719473236,3.7522605941571823,0.2366382295766725,0.4524118641916502,0.15623782685814158,0.05799805568212161,0.0967127363330447,26.3671875,62.98828125,125.9765625,8.59,756.8,22.3,0.20075659157979386,1.9094087749070203,4.4400526433939635,0.6043860590380093,4.453794624105958,C5,60.0,high,250.0
0.2462986378143525,0.9936908677136254,2.6582813396537834,-0.027171091788337858,4.034495994503305,0.12362995145435116,0.4722219342337544,2.703562976429951,0.05545462405175042,3.8196402140311165,0.05163666854941562,0.1763805184852223,2.6914546029536948,-0.13390424216810706,3.415799729923096,0.23448622941133165,0.45575097063813386,0.13003117304712725,0.08265383725248564,0.09707328952494475,25.390625,72.265625,145.01953125,9.86,869.3,13.3,0.2096506460922319,1.9922246584824976,4.034495994503305,0.654731072884039,3.840473124038967,C5,60.0,high,250.0
0.2320167102840462,0.9183835853796596,2.6872121073057533,-0.2024269924693549,3.9582648346980247,0.11264194828113197,0.4220354369793306,2.7902243013418264,-0.3016163595673852,3.746698662615581,0.045179715261578636,0.1699715340562108,2.7574878073756435,0.2390745323372242,3.762120524047583,0.23464493272141448,0.44561515210006236,0.1526194138194827,0.06262887095205248,0.10449156736762477,25.390625,61.5234375,123.046875,8.37,737.6,12.2,0.19472612643402892,2.0597718152475353,3.9582648346980247,0.6234781129725402,4.070478103463548,C5,60.0,high,250.0
0.2646236578683929,1.2456929977946858,2.621569528710853,0.11707784885009416,4.707413569251676,0.13547158453422065,0.5025874465036732,2.731702587715956,0.23250298280995282,3.7099104452913343,0.047259094383922534,0.184546202682987,2.822606907771466,0.3269984157826361,3.9049881316762876,0.6281718859930838,0.1852303998107912,0.03311928866776951,0.057460393851577835,0.09601483949940313,24.4140625,30.76171875,62.01171875,4.21,370.7,19.9,0.17858983117611585,1.9533517584386706,4.707413569251676,0.6937293180437848,5.29989281035145,C6,80.0,low,0.0
0.2782119588246369,1.3087018431320565,2.7150792391005067,0.008326524199345684,4.7039740802693535,0.11898879225866622,0.41684277246792,2.5450319914895547,-0.13894441880753913,3.5032103827203978,0.04917663528923691,0.1908186806688654,2.783362179578891,0.2534879014642929,3.8802711805422994,0.6611323677906857,0.08851593798793284,0.039647985766759604,0.07841998391428011,0.13228178313782177,23.4375,46.38671875,62.98828125,3.16,278.5,9.3,0.1767596026317259,2.3381358323214183,4.7039740802693535,0.7553675134742567,3.557864351433024,C6,80.0,low,0.0
0.28102316919610565,1.1876644633749818,2.8308290581104023,0.2651096569163302,4.226215463914995,0.12776100158365808,0.4981888593407896,2.732242235511538,-0.008483698355016037,3.8993812913604535,0.05301367162553249,0.2126480085382995,2.7724242650466615,-0.28384135012859657,4.011191868398788,0.6937162758168905,0.09146084907500843,0.03561182459544814,0.06784206510205838,0.11134653040841502,23.92578125,47.8515625,64.94140625,3.27,288.5,17.9,0.18864519881824443,2.1996005487800696,4.226215463914995,0.795528553362612,4.381847643010328,C6,80.0,low,0.0
0.29670226526488025,1.4075458042955125,2.816525883739453,-0.24325247894357016,4.743967165329625,0.12587975490413025,0.4702448974687756,2.62684139503449,-0.10661527753178032,3.7356674059852844,0.05058133887108364,0.2084518276810332,2.7568876176159822,-0.26857356441385305,4.121121194761435,0.6254957459114413,0.18470907029563935,0.03450754280158624,0.05899722602617872,0.09629009249053697,24.4140625,31.25,62.98828125,4.28,376.9,11.7,0.1704784384639843,2.3570292577297125,4.743967165329625,0.8356696098826645,5.217456415282664,C6,80.0,low,0.0
0.24158556276190052,1.0077899408289954,2.7592222425543333,-0.21682435895412025,4.171565259560825,0.13316540645567831,0.4915594175992667,2.7993112850439807,-0.3510673671137164,3.6913447019205647,0.0474490108898226,0.1609637744752037,2.612657080792955,-0.1623460859235412,3.3923525792553253,0.6004302544543995,0.1846397006630942,0.03587121771975383,0.06625091985867072,0.11280532913963263,27.83203125,56.15234375,62.98828125,3.81,335.8,14.5,0.19640664925240967,1.8141765882891505,4.171565259560825,0.6665882582526418,4.38448788863511,C6,80.0,low,0.0
0.29094709947620684,1.672101749616932,2.8812940472124167,-0.18857002380445925,5.7470988802680045,0.1122161095188057,0.4166960335201842,2.7192032922536256,-0.25037544305970394,3.7133352359747627,0.04727827824599143,0.1669423926948541,2.6418914602020585,0.09010083511808917,3.5310590590089563,0.648281022253625,0.08944208732421031,0.041442855150773214,0.08133296339587137,0.13947126455152456,24.4140625,49.31640625,62.5,3.35,295.1,17.3,0.16249785040341247,2.592739141677769,5.7470988802680045,0.8383041457745136,3.3410732957232567,C6,80.0,low,0.0
0.30285304647976374,1.4078210183122664,2.7472421621912466,0.20290041486258517,4.648528501450406,0.1223137835417951,0.4513856550775597,2.668279767279779,-0.04340246251263063,3.6903907475261724,0.04734909504050175,0.1767293181568076,2.782435969167736,0.22150081247113015,3.7324750981119243,0.5973494289416055,0.18429076005828382,0.03657832465285084,0.06878497370418218,0.1129894634469525,29.78515625,59.08203125,88.8671875,4.04,355.9,24.7,0.156343466215274,2.4760336710234925,4.648528501450406,0.8320106582372723,4.300055614255605,C6,80.0,low,0.0
0.2697417893146833,1.3466562084836018,2.7445466411527857,-0.1337128700843524,4.992389988607142,0.12832084684191364,0.4861725246424039,2.8416741681117905,0.32159075848306246,3.7887259678183844,0.05034143496927429,0.1894877490113622,2.714052070744403,-0.05554911085176944,3.764051404712944,0.5752761762853613,0.1779432089439861,0.03852783994738035,0.07899181830897077,0.12926078556697787,25.87890625,31.25,62.5,4.28,376.9,5.8,0.18662823842450865,2.1020886002022325,4.992389988607142,0.7403189218421564,3.6168545852997984,C6,80.0,low,0.0
0.265724659354061,1.2856806120694937,2.7197645891327524,-0.09338292039019039,4.838394054939429,0.1285451661153103,0.4419041674062776,2.7130571030738095,0.16982241312646096,3.437734617028472,0.05460908786154597,0.2147522641348467,2.80132747746812,0.3066810861122455,3.9325371022369446,0.5670466899257591,0.15158893217890024,0.0608162131432855,0.0829450692647182,0.1375832931854748,25.390625,33.69140625,67.87109375,4.6,405.9,13.9,0.20551004936573417,2.067169597927121,4.838394054939429,0.7227085189705382,3.258699307972077,C6,80.0,low,0.0
0.2723840708163922,1.3762842161745883,2.768862796363012,0.204964060702559,5.052733854992239,0.11824726110094617,0.4536101295988834,2.7962230254142635,-0.2645690308614582,3.8361153178139342,0.048350780573725056,0.1749491374107836,2.7698005283239833,-0.35922891482328967,3.618331190000582,0.5797046176860936,0.17936215796290883,0.03817455196325994,0.0768490458609699,0.12590353192546247,24.90234375,32.71484375,65.4296875,4.45,392.4,7.2,0.17750957472956339,2.3035127264711983,5.052733854992239,0.7541941200054164,3.7438082609660266,C6,80.0,low,0.0
0.27604734129622666,1.513818919057455,2.799810638513029,-0.08599415271605089,5.48391052038054,0.12330309486549161,0.4869971428344606,2.6984975158937066,-0.23549930908073202,3.949593831085214,0.05222381540384753,0.1878571385411545,2.71201710074013,-0.11181743285062085,3.5971546140099586,0.5902408649561538,0.16076092647312043,0.061074808195627314,0.0693567765045722,0.11855980596543533,24.90234375,33.69140625,66.89453125,4.56,401.7,21.7,0.18918427237379587,2.238770580717054,5.48391052038054,0.7728802828944124,3.996463651892659,C6,80.0,low,0.0
0.2567033070983409,1.1813118762127262,2.6921215600234443,-0.11894637737899921,4.601856865677915,0.11906737899575734,0.4382501608059531,2.7561544215901668,0.2032231813169291,3.6806904166553376,0.05458173216898704,0.1956593902382946,2.7653271158288115,-0.2709704024528643,3.584704670649256,0.5819561238650979,0.18006862840984206,0.038126799200577995,0.07484749160731693,0.12499459696079179,25.390625,51.26953125,64.453125,3.48,307.1,12.5,0.21262574598650277,2.155949927372533,4.601856865677915,0.6910765075687627,3.8131344489788606,C6,80.0,low,0.0
0.24594708704902674,1.090811859773639,2.8397205285135203,0.1894117927551309,4.435148522642182,0.12738965470863198,0.4530029876491656,2.691103651534293,-0.2838115620403934,3.5560421973454797,0.048327626076202404,0.1872206389307094,2.7246741305298703,-0.09121850436121191,3.8739879057064006,0.5976507787439324,0.1788552110462801,0.03626181657117426,0.0696708750709705,0.1175612719051314,27.34375,54.19921875,62.98828125,3.69,325.2,19.9,0.19649602951617332,1.9306676638033249,4.435148522642182,0.698420992021223,4.147289887613823,C6,80.0,low,0.0
0.2812583226752223,1.2387680893481856,2.7077869366738536,-0.028523085996698592,4.404378428931432,0.13424638031309377,0.5089697405436334,2.7260593592719897,-0.2283403113480865,3.791310718073721,0.053897923691544586,0.1996771205510823,2.781482708947074,-0.1984381305359738,3.7047275084996882,0.6192997796809881,0.18830172236357717,0.03348900334212803,0.06021599558789026,0.09869259800342477,24.90234375,32.71484375,65.4296875,4.46,393.2,15.9,0.19163139130919934,2.0950905493262653,4.404378428931432,0.7615876119707665,5.082176387021424,C6,80.0,low,0.0
0.2655232337208216,1.3031428430703984,2.7761411650565124,0.28348781249037414,4.907829815151161,0.12491266464715599,0.457449188657956,2.793712677061039,-0.2873288181833432,3.662152192094568,0.04890443434710623,0.1838817045153988,2.8310908584015193,-0.34835279719162143,3.7600210895043187,0.6136879474619834,0.18874593464285397,0.03445581515601126,0.06052541710962947,0.10257236380478653,25.87890625,51.7578125,64.94140625,3.52,310.0,6.8,0.1841813752484112,2.125671039608769,4.907829815151161,0.7371299794112943,4.919955854739108,C6,80.0,low,0.0
0.2514945641136456,1.198575058391486,2.756429976973548,-0.0244189994223182,4.765809005119779,0.12856157339196025,0.4615353841474642,2.6627132853410447,-0.12249723764514024,3.5899948325953424,0.05271688367360946,0.1941312037034413,2.7291323374637573,0.2230497203472364,3.6825242725913467,0.6069577413214409,0.1590265876643458,0.05952952703300172,0.06593086544521229,0.10855423946703736,24.4140625,39.55078125,79.1015625,5.38,474.2,13.1,0.20961440601868317,1.9562187788950405,4.765809005119779,0.6932271555687487,4.389969730487929,C6,80.0,mid,0.0
0.30191008292680316,1.5104858879429135,2.891189959283492,-0.327322901920438,5.003098516286137,0.11712464477314984,0.4789553936586456,2.801276954544396,-0.31003945445513137,4.089279370591043,0.04961231531738236,0.1714748803398786,2.7052707434762886,-0.15554799913841233,3.45629667236675,0.6147617035734833,0.16069171689158052,0.05881191075136125,0.06224496264310599,0.10347628905711823,24.4140625,38.0859375,76.66015625,5.2,458.8,15.9,0.16432811662474572,2.5776819516639793,5.003098516286137,0.8728794003644197,4.6792635978142,C6,80.0,mid,0.0
0.28122819625807904,1.414303688051504,2.7475369345924534,0.06910290565762706,5.029025207535087,0.12455279119703211,0.4606339984947285,2.5952909225916643,0.06348490545068879,3.698303298286138,0.05331203026584108,0.2014019310633559,2.640096443526234,0.14929948287783043,3.7777951816703053,0.6179282701304102,0.16229447672823172,0.05678243945465057,0.06118543562163258,0.10180857793012665,25.390625,46.38671875,92.28515625,6.29,554.8,11.9,0.1895685815831831,2.2579036050119465,5.029025207535087,0.7726848562678874,4.786818422695505,C6,80.0,mid,0.0
0.2930933705280441,1.406448385041366,2.7589070904147905,-0.010229477554975865,4.798635951770164,0.1245762661574602,0.4744575197176531,2.6525977878712466,0.157394362015079,3.8085707201880235,0.04820467237772069,0.1854587960609661,2.7443187715787425,0.2347080147198234,3.847319915541667,0.6132642686247227,0.1621308728561168,0.05858543313226854,0.06296550743428177,0.10305391580649456,24.4140625,48.33984375,96.6796875,6.57,578.7,11.9,0.16446865478695064,2.3527223890109528,4.798635951770164,0.8086173781033902,4.67050858474729,C6,80.0,mid,0.0
0.27257207887212037,1.4176261781255928,2.7639182090469543,0.012767879682258646,5.200922207408796,0.13291358345158327,0.4951888394182813,2.6991607479378406,-0.18924432984980222,3.7256450887780392,0.053087399642742845,0.2187617385365791,2.757832376347733,-0.22731066582962747,4.12078459311925,0.5961812751134085,0.157077134110897,0.061001237021198064,0.07060249399968445,0.11512662192425507,24.4140625,48.33984375,96.19140625,6.56,578.3,8.4,0.1947646283596394,2.0507465963507845,5.200922207408796,0.7533669320724361,4.055682952439092,C6,80.0,mid,0.0
0.24539648578380158,1.1904037907726437,2.7969056194424575,0.19145548365354792,4.850940660256273,0.12188241442811083,0.4841708740342748,2.734965751363815,-0.21202239962665564,3.972442425809101,0.05099225576990381,0.1843685892487964,2.7431213429370893,-0.1015040449145353,3.6156194007328613,0.5950420654908316,0.15895724358118127,0.060607862940563945,0.0692278940281753,0.11616049189685557,25.390625,40.52734375,81.54296875,5.54,488.7,18.6,0.20779537900485193,2.013387139853078,4.850940660256273,0.6863508100801458,4.067133468527647,C6,80.0,mid,0.0
0.2589478404797351,1.154484286538115,2.732516279243856,-0.03749443014665212,4.458366149720655,0.12060842778803073,0.440494577024784,2.6882866228349784,-0.19985170092992366,3.652270285779308,0.05111032943931615,0.1814298388270176,2.5850854798955956,-0.03306619335136434,3.5497685265838723,0.6032255933768782,0.1590365075698661,0.059669147823898525,0.06606468253542001,0.11200332428517026,25.390625,42.96875,85.9375,5.85,515.9,15.1,0.1973769286688296,2.1470128184975255,4.458366149720655,0.7075791895859174,4.280735852312594,C6,80.0,mid,0.0
0.29286563814004785,1.4503444583866727,2.883948006944022,0.19365028679697963,4.952252055234696,0.11848728827990851,0.4792100172462701,2.6972956138293704,-0.01496560193584522,4.044400240760073,0.04918901509757162,0.1828712757254794,2.8121608420949453,-0.28424881276632075,3.717725906134426,0.5804138908706887,0.15655684073476414,0.06068495059858152,0.07634537912666649,0.12598988456095234,23.92578125,48.828125,97.65625,6.65,585.9,21.6,0.16795761841493168,2.471705128808388,4.952252055234696,0.8446092734163801,3.6423247148022924,C6,80.0,mid,0.0
0.28806192490375554,1.2588624813102605,2.8095949543453425,-0.24149722732592244,4.370110634131391,0.12345684064406459,0.4811623991920099,2.734615884407109,-0.11943285127276736,3.897413838567581,0.0534483930253428,0.2044756524988331,2.745754031847691,0.22583465428034027,3.8256651121742804,0.5730604260772135,0.1562353587374404,0.06207112965575764,0.08012436721042963,0.1284753270613365,24.90234375,39.0625,78.125,5.31,467.8,15.5,0.18554480271282106,2.3333006368943123,4.370110634131391,0.8093373307485985,3.4961498259173807,C6,80.0,mid,0.0
0.31706853490174886,1.6241308731630513,2.8756861666126237,-0.20680485909545726,5.1223337997456175,0.11925834098194697,0.4825682548144063,2.7030907381419773,-0.03331356073489642,4.0464109331141564,0.04998289590894757,0.193776324683138,2.704229516758079,-0.11027102689252538,3.876852694492429,0.5661877714375353,0.15022201815313999,0.06112400194148802,0.08321244952021002,0.1392508035854553,24.4140625,39.55078125,78.61328125,5.36,472.1,17.9,0.1576406688365843,2.658669677031193,5.1223337997456175,0.911789599685091,3.2203511348024554,C6,80.0,mid,0.0
0.27492475824701273,1.125060540842498,2.7074830256377473,0.06402212185287108,4.09224890481366,0.13070968329899899,0.488546645960637,2.686812392077312,0.22855967886337217,3.737646925844693,0.048117636972799735,0.1812312613370884,2.664501787938446,-0.15040642836173443,3.766420646124747,0.23718973708421862,0.4518939263182148,0.15395312432549377,0.05898832506799386,0.0979618164526198,24.90234375,50.29296875,100.09765625,6.83,601.6,15.5,0.17502111224761827,2.1033235741082863,4.09224890481366,0.7443541162813483,4.390462198544307,C6,80.0,mid,0.0
0.27056229338081456,1.262043291871851,2.85984406916273,0.1307630911607154,4.66452023340715,0.12251978405231134,0.4361587843942452,2.682341192719004,-0.09502306631391398,3.5599049391731037,0.052036264520348534,0.1857850642601173,2.6065002991892077,-0.10537347405840121,3.570299789437555,0.5677236294491983,0.15189970272397463,0.06378807847240803,0.08193275511174283,0.13462149385735364,24.90234375,49.8046875,99.609375,6.79,598.8,18.7,0.19232637286640622,2.208315134356543,4.66452023340715,0.7737659700641891,3.323062630259761,C6,80.0,mid,0.0
0.27141257556135706,1.3643221661414155,2.792573453781931,-0.15975389866528406,5.0267463227141045,0.1327836859985408,0.5038995619871734,2.710481647917597,-0.10059759232950219,3.7948906011895995,0.04542541664364413,0.1689577575760511,2.5834763238143097,-0.13808085695973682,3.719454218802228,0.5847196033023757,0.15639014573760476,0.06059704237844128,0.07430812252431086,0.12397782382749675,24.4140625,39.0625,78.125,5.33,470.2,12.8,0.16736666143671372,2.044020494839552,5.0267463227141045,0.7579395535352282,3.737580815359809,C6,80.0,mid,0.0
0.2647916971959876,1.0300340776910208,2.812260676694066,-0.19012149416628196,3.8899787591475468,0.13623879054805074,0.5734488153371403,2.8593765772325774,0.32165470930916795,4.2091449361104525,0.049501136994562316,0.1732513173231807,2.5431923302254384,0.14056151724531674,3.499946220269896,0.6009966766307087,0.1568706648294647,0.0613687347661927,0.06722554484004267,0.1135383336918421,23.92578125,42.48046875,84.9609375,5.79,510.6,13.0,0.18694369014872725,1.9435852016213906,3.8899787591475468,0.7446632775393583,4.192581768079809,C6,80.0,mid,0.0
0.2756717337713467,1.5242351501053248,2.8049055691261042,-0.11019452710510946,5.52916735151957,0.12540229955707888,0.4616339838050173,2.6539782040271667,-0.1869758437814803,3.6812242314176795,0.047868892687252515,0.1803692382694269,2.6542173039981996,0.0819569008335278,3.767984345237617,0.5909507854086058,0.1559829339898977,0.06007388879077861,0.07260107456321709,0.12036356803064163,23.92578125,45.8984375,91.796875,6.24,549.9,16.3,0.173644544663244,2.19829887286772,5.52916735151957,0.773233181305899,3.870832030977863,C6,80.0,mid,0.0
0.278814928768306,1.1658982949275178,2.8869111516428663,-0.29684746746769713,4.181620762123446,0.12561917912011566,0.5001836525416521,2.7471751483474556,-0.08931047303942234,3.9817459089060123,0.04996934559675827,0.1779503221834215,2.6598081339453348,0.18850264632616795,3.56118976661095,0.22530064200444092,0.4315420224841322,0.15223428985103288,0.07068923749132769,0.12022688771457911,24.4140625,64.94140625,129.39453125,8.81,776.4,18.4,0.1792204808311487,2.21952516105607,4.181620762123446,0.804913927105734,3.440477664105928,C6,80.0,high,0.0
0.2576689972819899,1.473319681791534,2.951856094336151,0.32506001395820594,5.7178771886908475,0.11975098850732538,0.4831211543199317,2.7967681860044222,0.24524830591552885,4.034381347009743,0.04693136717099299,0.1751417956594546,2.747775511743869,0.2506833361001852,3.7318707341580493,0.21981820978404107,0.4141087984744868,0.1491963468992954,0.08169677689835013,0.13515669455204193,24.90234375,63.96484375,127.9296875,8.69,766.2,21.3,0.18213819926357638,2.151706641371297,5.7178771886908475,0.760601799948327,2.9232965652733234,C6,80.0,high,0.0
0.25886692832113284,1.340148689679033,2.7695594771701284,-0.056822519394751386,5.1769791466623145,0.12325886104870687,0.4367169839358706,2.671698284515676,0.12645009337112406,3.5430879388322265,0.05204822891352063,0.1849711013970516,2.766874954087812,0.3309133278597894,3.5538404525615177,0.21795567322097073,0.41099919918211264,0.15242300276892212,0.08227921124597481,0.13634277596254246,24.90234375,53.7109375,107.421875,7.32,645.4,16.4,0.20106171634621905,2.100189196286985,5.1769791466623145,0.7169473546577138,2.876905842975431,C6,80.0,high,0.0
0.28482037396154264,1.5239251163389107,2.884079999937944,0.2370700045079967,5.350477899957662,0.12856370544078244,0.4657639202016176,2.728434945248303,0.23235454935425218,3.6228258870163983,0.05687749988670505,0.2328185640861943,2.752487565684401,0.22274460754426967,4.093333296117943,0.2239775324055621,0.4367458432115086,0.12868577192187525,0.09304045493272493,0.11755026742537626,24.4140625,70.80078125,141.11328125,9.62,847.8,11.4,0.19969603682349224,2.215402651821772,5.350477899957662,0.821444744117331,3.137476182324579,C6,80.0,high,0.0
0.27707608803504563,1.2883234082686514,2.836432331037781,0.26760280313244134,4.649709823049398,0.12685230656328808,0.4500203172048508,2.5677512985464346,-0.11941110288937681,3.5475927036480845,0.05169150307744651,0.2047275800057779,2.832810449833112,0.3880568477254212,3.9605654279204443,0.22646712087090953,0.4325559985478126,0.15081883910080135,0.07165075949711909,0.11850557121046645,24.90234375,53.7109375,107.421875,7.32,645.3,13.1,0.1865606788518985,2.184241623519941,4.649709823049398,0.785907574260074,3.465691186648634,C6,80.0,high,0.0
0.2749614289325415,1.2123986793332104,2.7197618625647038,-0.04596996383266038,4.409340917524319,0.12985675194071508,0.4941315813507229,2.6492052107774784,-0.010948240236118083,3.8052051507981206,0.04620568697548,0.1684907465058118,2.5879323286258598,0.12041223474436234,3.646536985701022,0.234238344109366,0.4442438669582809,0.15277325455350202,0.06423016540857329,0.10451085712598308,25.87890625,58.10546875,116.69921875,7.93,699.3,14.8,0.1680442495329627,2.1174211184496023,4.409340917524319,0.7478296080870215,4.0208492332011385,C6,80.0,high,0.0
0.2797848352184665,1.2826171319007218,2.9118097086888572,0.34295349085514737,4.584298255118818,0.1287171665065916,0.4402763026313397,2.597901829320705,-0.12036324955097842,3.420494053594578,0.05274409971590977,0.1936618033232831,2.709004837288744,-0.18064044003965957,3.671724503146023,0.23139118429604447,0.43675715837697837,0.12919196057179594,0.09023547581087817,0.11240517046507974,25.390625,73.2421875,146.484375,9.96,877.8,17.8,0.18851664949862348,2.173640414964687,4.584298255118818,0.8146801995330428,3.2972079143644866,C6,80.0,high,0.0
0.2982697142031616,1.7351574912146288,2.8824863213607914,0.004712233022145454,5.817410915654528,0.12454361312531649,0.4291284756476186,2.5826986683239035,0.1358069887942781,3.445608047486362,0.047029975353852636,0.1690462319775525,2.6695721849404643,-0.1324276544600561,3.5944359040303953,0.2170477336510741,0.4087377316051351,0.14819428930482353,0.08551788109336357,0.1405018587468296,25.390625,59.08203125,118.65234375,8.07,711.0,11.5,0.15767599965519438,2.394901727341417,5.817410915654528,0.8597583712668059,2.7687204033535724,C6,80.0,high,0.0
0.30955514523680766,1.8176334983620173,2.807039433631062,-0.04149291229740279,5.8717599314058875,0.11334740585538129,0.4051868828085221,2.7844974073824673,0.3010967644279035,3.5747345053974646,0.055658551311261004,0.2017432136126015,2.606720251932477,0.0637813439280879,3.6246580059977993,0.2380722055997027,0.442753572315261,0.15447037311634476,0.061431172386793964,0.10326152335875255,25.390625,62.01171875,123.53515625,8.41,741.5,17.8,0.17980173215561504,2.7310298184659443,5.8717599314058875,0.8689334995631096,4.133916047903261,C6,80.0,high,0.0
0.28271056290624424,1.527553239566586,2.8200926886986846,0.2239517323871438,5.403240769865295,0.13180249039146416,0.4717914495573165,2.8058876960103447,-0.3569897660383544,3.579533650358634,0.04896382586689142,0.1849855425232681,2.7027195619459206,0.2733215734179243,3.7780042561656204,0.23534268376239445,0.4384784766243926,0.15494566829614778,0.06325986536247091,0.10796847598302818,24.90234375,62.5,125.48828125,8.53,752.3,10.7,0.17319418617948623,2.1449561542165916,5.403240769865295,0.7972699914697889,3.9352198070246573,C6,80.0,high,0.0
0.25681711772337434,1.2792645505358249,2.840734161772692,-0.23004787593021964,4.981227738541012,0.12759845332766614,0.4847310367197808,2.803715688668581,-0.4069227546009444,3.7988786233561695,0.05004746770758345,0.1870361905435044,2.642259670581693,-0.016523970054671336,3.737175907406874,0.2203498713295904,0.42377505746618577,0.15090368836393167,0.07657872124452227,0.12836439845013586,24.4140625,55.17578125,110.83984375,7.54,664.4,12.2,0.19487590294308624,2.012697732815628,4.981227738541012,0.7295491596447886,3.1429448802938538,C6,80.0,high,0.0
0.27865353767760814,1.376736657775562,2.8298952268696427,-0.237246103602615,4.940675324812834,0.12491541920570076,0.4511108968996958,2.654677859263642,0.09740516072923151,3.6113307689969187,0.049649895489290316,0.1851417793713428,2.72625541409963,0.05497582247552493,3.728946003748963,0.22734261439568793,0.4335818212758096,0.1312635346228578,0.09179720525205899,0.11601482427520927,24.90234375,72.265625,144.04296875,9.82,865.5,19.2,0.17817787602156127,2.230737721968044,4.940675324812834,0.7885603162242034,3.180395462067193,C6,80.0,high,0.0
0.2842474187637014,1.3659044992966602,2.863950886842519,0.144795359355172,4.805336510134343,0.1149798280074771,0.4284917887357877,2.7660862999880393,-0.26304166909224824,3.726669244173187,0.04913425948142692,0.1897065600059755,2.757782947375109,0.2603770404019572,3.860983395459249,0.2213028322416153,0.4184085061054154,0.14853831565540285,0.08014346600319806,0.13157648368460567,24.90234375,57.12890625,113.76953125,7.76,683.7,17.7,0.172857363824552,2.4721503214043503,4.805336510134343,0.8140706470509995,3.0214976873475132,C6,80.0,high,0.0
0.26741914591723814,1.2795616443292088,2.815812925893882,-0.14775127591742415,4.784854277880359,0.13558531046297942,0.5480848539796466,2.801669433608887,-0.25145308115472453,4.04236161062077,0.0502923570084203,0.1766141238047498,2.637209273068077,-0.007553440095645546,3.511748788691288,0.23049534761709903,0.43212760903261244,0.15008818809531682,0.06903730008678731,0.11824897827132333,24.90234375,59.08203125,118.1640625,8.05,709.9,23.7,0.1880656556430143,1.9723312577453218,4.784854277880359,0.7530022877052613,3.5380219120095293,C6,80.0,high,0.0
0.27641369224711576,1.3923985777012289,2.884904615143118,-0.2245334781214681,5.037371941967386,0.12616716094911878,0.4915652480732153,2.7765303379922597,0.26130962188608103,3.8961425808056007,0.050712569989992996,0.1852947623740778,2.62077104542303,-0.145686229120568,3.6538231529311496,0.22780547991591155,0.43570405496319803,0.15283442705751027,0.06901083132886962,0.11464452421509977,23.92578125,65.91796875,132.32421875,8.99,792.5,20.5,0.18346620088796328,2.190852914242788,5.037371941967386,0.7974271364524538,3.612797094393782,C6,80.0,high,0.0
